match_time,jc_order,league,home_team,away_team,score,bet365,hg,bet10,lb,ms,ac,snai,wl,ysb,wd,iw,bet12,lj,yh,bet18,jc,ybb,pb
20200715,,波兰丙,琴斯托霍瓦火花,莱茨纳,0-0,"2.620,3.200,2.400,0.900,0,0.900,0.720,2.5,1.080","2.480,3.350,2.390,0.950,0,0.870,0.800,2.5,1.000","2.450,3.400,2.550,0.950,0,0.870,0.760,2.5,1.030",,"2.500,3.300,2.400,0.920,0,0.920,0.760,2.5,1.060",,,,"2.390,3.200,2.420,1.110,0.25,0.770,1.000,2.75,0.850","2.550,3.250,2.380,0.950,0,0.790,0.930,2.75,0.830",,"2.500,3.300,2.400,0.920,0,0.920,0.760,2.5,1.060","2.390,3.160,2.420,1.090,0.25,0.710,0.950,2.75,0.830","2.300,3.500,2.510,0.920,0,0.930,0.750,2.5,1.080","2.650,3.200,2.400,0.920,0,0.860,0.740,2.5,1.040",,"2.480,3.350,2.390,0.960,0,0.880,0.900,2.5,0.920","2.570,3.360,2.600,0.890,0,0.910,0.930,2.75,0.850"
20200715,,球会友谊,巴尔坎,梅茲拉火车头,6-0,,,,,,,,,,,,,,,,,,
20200715,,球会友谊,索科乌兹提,诺维沙迪,4-2,,,,,,,,,,,,,,,,,,
20200715,,球会友谊,萨拉热窝,斯洛伯达,1-1,,,,,,,,,,,,,,,,,,
20200715,,球会友谊,圣埃蒂安,沙勒罗瓦,4-0,,,,,,,,,,,,,,,,,,
20200715,,球会友谊,科西策,斯拉维亚克思雀,3-2,"1.533,5.500,4.500,0.950,2.25,0.850,0.925,5.5,0.875",,,,,,,,,,,,,,,,,
20200715,,球会友谊,索科乌兹提,FK诺夫萨迪克,4-2,,,,,,,,,,,,,,,,,,
20200715,,球会友谊,亚布洛内茨B队,弗里德克,5-0,,,,,".000,.000,.000,1.110,-0.5,0.660,0.580,3.5,1.210",,,,,,,".000,.000,.000,1.110,-0.5,0.660,0.580,3.5,1.210",".000,.000,.000,0.930,-0.5,0.790,0.940,3.25,0.780",,,,,"3.420,3.770,1.800,0.900,-0.5,0.800,0.910,3.25,0.790"
20200715,,球会友谊,SK上米托,贺拉戴克B队,1-1,,,,,,,,,,,,,,,,,,
20200715,,球会友谊,奥林比克斯尼克西亚,波勒米迪奥,1-2,"1.750,3.600,3.750,1.000,0.75,0.800,0.800,3.0,1.000",,,,,,,,,"1.870,3.600,2.880,1.010,0.75,0.810,0.780,3.0,0.950",,,".000,.000,.000,0.690,0.5,1.030,0.910,3.75,0.810",,,,,
20200715,,球会友谊,特拉诺夫,BFC维多利亚,1-5,,,,,,,,,,,,,,,,,,
20200715,,球会友谊,蒂萨新城,德布勒森尼,0-1,"7.500,5.000,1.280,0.850,-1.5,0.950,0.850,3.75,0.950",,"6.200,5.250,1.340,0.790,-1.75,1.040,1.070,4.0,0.740",,".000,.000,.000,0.880,-1.25,0.880,0.840,4.0,0.920",,,,,"6.500,5.000,1.330,0.920,-1.5,0.890,0.800,3.75,0.930",,".000,.000,.000,0.880,-1.25,0.880,0.840,4.0,0.920",,,"6.250,5.000,1.330,0.930,-1.5,0.790,0.810,3.75,0.910",,,"5.600,4.940,1.360,0.760,-1.5,0.950,0.900,3.75,0.820"
20200715,,阿尔杯,KF蒂拉纳,拜利斯,2-0,"1.570,3.600,5.000,0.800,0.75,1.000,0.900,2.75,0.900","1.500,4.100,4.700,0.670,0.75,1.090,0.990,3.0,0.770","1.540,3.750,4.800,0.930,1.0,0.850,1.000,3.0,0.800",,".000,.000,.000,0.920,1.0,0.840,0.980,3.0,0.780",,,,".000,.000,.000,0.660,0.75,1.050,0.700,2.75,0.990","1.530,3.900,4.800,0.880,1.0,0.860,0.750,2.75,0.980",,".000,.000,.000,0.920,1.0,0.840,0.980,3.0,0.780",".000,.000,.000,0.640,0.75,1.080,0.750,2.75,0.970","1.430,4.300,5.300,0.520,0.75,1.360,1.010,3.0,0.780","1.550,4.200,5.000,0.670,0.75,1.090,0.920,3.0,0.780",,"1.500,4.100,4.700,0.670,0.75,1.090,0.990,3.0,0.770",
20200715,,罗乙,UT亚拉德,佩特罗鲁,1-1,"1.700,3.400,4.330,0.800,0.75,1.000,0.880,2.25,0.920","1.570,3.600,4.900,0.770,0.75,0.990,0.850,2.25,0.910","2.150,3.150,2.950,0.790,0.75,1.000,0.860,2.25,0.920",,"1.580,3.450,5.100,0.740,0.75,1.110,0.910,2.25,0.910",,,,"1.600,3.400,4.600,0.830,0.75,0.960,0.860,2.25,0.920","1.650,3.400,4.750,0.750,0.75,1.010,0.830,2.25,0.900",,"1.580,3.450,5.100,0.740,0.75,1.110,0.910,2.25,0.910","1.600,3.400,4.550,0.810,0.75,0.990,0.880,2.25,0.900","1.570,3.600,4.900,0.770,0.75,1.020,0.870,2.25,0.920","2.150,3.200,3.100,0.780,0.75,1.000,1.050,2.5,0.680",,"1.570,3.600,4.900,0.770,0.75,0.990,0.850,2.25,0.910","1.560,3.510,5.060,0.780,0.75,0.900,0.810,2.25,0.880"
20200715,周三020,俄超,莫斯科斯巴达,格罗兹尼特里克,3-0,"1.800,3.500,4.000,0.900,0.5,0.950,0.920,2.5,0.920","1.900,3.650,3.600,0.900,0.5,0.920,0.800,2.5,1.000","1.830,3.400,4.100,1.060,0.75,0.770,0.990,2.5,0.800",,"1.960,3.500,3.500,0.960,0.5,0.960,0.960,2.5,0.940","2.000,3.330,3.280,1.030,0.5,0.770,0.870,2.5,0.830",,,"1.990,3.400,3.500,1.020,0.5,0.900,1.010,2.5,0.910","1.800,3.600,4.100,0.850,0.5,1.040,0.850,2.5,0.980",,"1.960,3.500,3.500,0.960,0.5,0.960,0.960,2.5,0.940","2.020,3.260,3.260,1.050,0.5,0.830,0.980,2.5,0.880","1.900,3.650,3.600,0.920,0.5,0.930,0.920,2.5,0.910","1.870,3.500,4.100,0.910,0.5,0.930,0.900,2.5,0.900",,"1.900,3.650,3.600,0.910,0.5,0.930,0.870,2.5,0.950","1.910,3.740,3.780,0.890,0.5,0.920,1.000,2.75,0.790"
20200715,,球会友谊,阿贾克,佩鲁茨,5-1,"1.440,4.200,5.750,1.000,1.25,0.800,0.800,3.0,1.000",,"1.410,4.550,5.750,0.720,1.0,1.130,1.100,3.25,0.710",,".000,.000,.000,0.880,1.5,0.880,0.920,3.25,0.840",,,,"1.300,4.500,7.000,1.000,1.5,0.720,0.880,3.25,0.820","1.440,4.200,6.000,0.990,1.25,0.830,0.800,3.0,0.910",,,,,"1.400,4.300,6.000,0.930,1.25,0.760,0.500,2.5,1.500",,,"1.280,4.810,6.950,0.920,1.5,0.770,0.940,3.25,0.750"
20200715,周二001,英冠,西布罗姆维奇,富勒姆,0-0,"2.000,3.400,3.750,1.080,0.5,0.820,0.980,2.5,0.880","2.070,3.400,3.300,0.820,0.25,1.060,1.030,2.5,0.830","2.000,3.450,3.550,1.030,0.5,0.840,0.870,2.5,0.950",,"2.080,3.300,3.400,1.040,0.5,0.840,0.900,2.5,0.980","1.980,3.370,3.270,1.000,0.5,0.800,0.910,2.5,0.790",,,"2.040,3.400,3.400,0.800,0.25,1.130,0.970,2.5,0.920","1.950,3.600,3.600,1.010,0.5,0.890,0.900,2.5,0.980",,"2.080,3.300,3.400,1.040,0.5,0.840,0.900,2.5,0.980","2.060,3.160,3.260,0.780,0.25,1.110,0.990,2.5,0.870","2.070,3.400,3.300,0.840,0.25,1.070,1.050,2.5,0.840","2.000,3.500,3.600,1.010,0.5,0.820,0.880,2.5,0.920",,"2.070,3.400,3.300,0.830,0.25,1.090,1.040,2.5,0.860","2.040,3.550,3.750,1.030,0.5,0.850,0.890,2.5,0.970"
20200715,,芬乙,奇芬,维京吉特,3-0,"1.720,4.000,3.500,1.100,0.75,0.700,1.000,2.75,0.800","1.610,3.800,4.300,0.850,0.75,0.970,1.000,2.75,0.800","1.740,3.750,3.750,0.800,0.5,0.990,0.780,2.5,1.000",,"1.680,3.750,3.850,0.800,0.5,1.040,0.820,2.5,1.000",,,,"1.880,3.400,3.400,1.130,0.75,0.750,1.030,2.75,0.830","1.670,4.000,4.200,0.870,0.75,0.950,0.800,2.5,1.000",,"1.680,3.750,3.850,0.860,0.5,0.980,1.040,2.75,0.780","1.600,3.640,4.070,0.830,0.75,0.970,1.030,2.75,0.750","1.880,3.450,3.350,1.130,0.75,0.730,1.020,2.75,0.810","1.700,4.100,3.800,0.820,0.75,0.940,0.600,2.5,1.200",,"1.610,3.800,4.300,0.860,0.75,0.980,1.010,2.75,0.810","1.680,4.050,4.530,0.890,0.75,0.910,0.780,2.5,1.000"
20200715,,立陶杯,斯维依卡塔,考诺萨基列斯,0-4,,,,,,,,,,,,,,,,,,
20200715,,捷乙,伊赫拉瓦,乌斯季,2-3,"1.610,4.000,4.500,0.980,1.25,0.820,1.000,4.25,0.800","1.460,4.900,4.350,0.960,1.25,0.880,0.960,4.25,0.860","1.600,3.650,4.700,0.840,0.75,0.990,0.940,3.5,0.840",,"1.470,4.400,4.700,0.940,1.25,0.900,0.940,4.25,0.880",,,,"1.450,5.000,4.600,0.960,1.25,0.890,1.000,4.25,0.850","1.500,4.600,5.000,0.990,1.25,0.830,0.850,4.0,0.930",,"1.470,4.400,4.700,0.940,1.25,0.900,0.940,4.25,0.880","1.430,4.460,4.550,0.890,1.25,0.910,0.900,4.25,0.880","1.460,4.900,4.350,0.980,1.25,0.890,0.980,4.25,0.870","1.670,4.100,4.300,0.820,0.75,0.960,0.940,3.5,0.840",,"1.460,4.900,4.350,0.970,1.25,0.890,0.970,4.25,0.870","1.670,4.080,4.350,0.830,0.75,0.970,0.940,3.5,0.840"
20200715,,捷乙,渥恩斯多夫,利森,0-0,"1.330,5.000,7.000,0.800,1.0,1.000,0.850,3.25,0.950","1.500,4.350,4.450,0.890,1.0,0.950,0.880,3.25,0.940","1.320,5.300,5.750,1.010,1.25,0.810,0.910,3.25,0.870",,"1.520,4.050,4.650,0.940,1.0,0.900,0.860,3.25,0.960",,,,"1.550,4.400,4.400,1.010,1.0,0.840,0.850,3.25,1.000","1.500,4.500,5.250,0.810,1.0,1.010,0.850,3.25,0.930",,"1.520,4.050,4.650,0.950,1.0,0.890,0.860,3.25,0.960","1.560,4.070,3.880,0.970,1.0,0.830,0.820,3.25,0.960","1.500,4.350,4.450,0.910,1.0,0.960,0.900,3.25,0.950","1.460,4.500,6.000,0.990,1.5,0.800,0.800,3.25,0.990",,"1.500,4.350,4.450,0.900,1.0,0.960,0.890,3.25,0.950","1.460,4.450,6.410,0.980,1.25,0.850,0.840,3.25,0.970"
20200715,,捷乙,治鲁迪,维特科维斯,3-1,"1.360,4.750,6.500,1.000,2.0,0.800,0.880,4.0,0.920",,"1.370,4.750,5.650,1.000,2.0,0.820,0.950,4.0,0.840",,".000,.000,.000,0.920,2.25,0.920,0.870,4.25,0.950",,,,,"1.220,6.500,9.500,1.010,2.0,0.810,0.870,4.0,0.910",,".000,.000,.000,0.920,2.25,0.920,0.870,4.25,0.950",".000,.000,.000,0.880,2.25,0.920,0.880,4.25,0.900",,"1.340,5.250,7.500,1.210,2.0,0.650,0.890,3.75,0.890",,,"1.350,5.180,7.500,1.230,2.0,0.660,0.910,3.75,0.910"
20200715,,捷乙,维谢赫拉德,普罗斯捷约夫,3-1,"2.000,3.800,3.000,0.980,0.25,0.820,0.850,3.25,0.950","2.150,3.950,2.490,1.020,0.25,0.820,0.930,3.5,0.890","2.050,3.450,2.950,0.990,0.25,0.840,0.970,3.25,0.810",,"2.100,3.750,2.640,0.990,0.25,0.850,0.920,3.75,0.900",,,,"2.130,3.300,2.600,0.980,0.25,0.870,0.950,3.75,0.900","2.200,3.800,2.750,0.960,0.25,0.850,0.800,3.5,0.980",,"2.100,3.750,2.640,0.990,0.25,0.850,0.920,3.75,0.900","2.130,3.300,2.650,1.000,0.25,0.800,0.870,3.75,0.910","2.150,3.950,2.490,1.040,0.25,0.830,0.950,3.5,0.900","2.100,3.600,3.100,0.840,0.25,0.950,0.970,3.25,0.820",,"2.150,3.950,2.490,1.030,0.25,0.830,0.940,3.5,0.900","2.130,3.630,3.180,0.860,0.25,0.970,0.830,3.0,0.990"
20200715,,捷乙,布尔诺,维拉斯姆,4-0,"1.400,4.500,6.500,0.980,1.75,0.820,0.880,4.0,0.920","1.270,5.600,6.400,0.940,1.75,0.900,0.880,4.0,0.940","1.330,4.800,6.300,0.980,1.5,0.840,0.840,3.5,0.940",,"1.300,5.100,6.500,0.840,1.5,1.000,0.890,4.0,0.930",,,,"1.310,5.000,5.600,0.860,1.5,0.990,0.950,4.0,0.900","1.300,5.500,8.000,0.990,1.75,0.830,0.870,4.0,0.910",,"1.300,5.100,6.500,0.860,1.5,0.980,0.870,4.0,0.950","1.300,5.220,5.610,0.810,1.5,0.990,0.900,4.0,0.880","1.320,5.500,6.000,0.880,1.5,0.990,0.850,4.0,1.000","1.410,5.000,6.000,0.820,1.25,0.950,0.990,3.5,0.780",,"1.270,5.600,6.400,0.950,1.75,0.910,0.890,4.0,0.950","1.390,5.370,6.270,0.940,1.5,0.890,0.930,3.75,0.880"
20200715,,捷乙,特里内茨,杜库拉,1-2,"3.750,4.000,1.720,0.920,-0.75,0.880,0.880,3.5,0.920","3.600,4.350,1.630,0.980,-0.75,0.860,0.960,3.75,0.860","3.350,3.850,1.800,0.910,-0.75,0.910,0.880,3.5,0.900",,"3.450,4.100,1.700,0.960,-0.75,0.880,0.910,3.75,0.910",,,,"3.400,4.300,1.730,0.970,-0.75,0.880,0.940,3.75,0.910","4.000,4.200,1.700,0.930,-0.75,0.880,0.900,3.5,0.900",,"3.450,4.100,1.700,0.960,-0.75,0.880,0.910,3.75,0.910","3.500,3.780,1.680,0.910,-0.75,0.890,0.840,3.75,0.940","3.600,4.350,1.630,1.000,-0.75,0.870,0.980,3.75,0.870","4.100,4.400,1.660,0.960,-0.75,0.830,0.870,3.5,0.920",,"3.700,4.450,1.650,0.990,-0.75,0.870,0.950,3.75,0.890","4.180,4.310,1.690,0.940,-0.75,0.880,0.850,3.25,0.960"
20200715,,捷乙,济斯科夫,帕尔杜比斯,2-1,"1.720,4.330,3.500,0.980,0.75,0.820,0.920,3.25,0.880","1.610,4.150,3.850,0.850,0.75,0.990,0.880,3.25,0.940","1.680,4.150,3.550,0.890,0.5,0.940,0.940,3.25,0.840",,"1.860,3.800,3.150,0.840,0.5,1.000,0.900,3.25,0.920",,,,"1.840,3.300,3.400,0.880,0.5,0.970,0.950,3.25,0.900","1.750,4.000,3.900,0.990,0.75,0.830,0.930,3.25,0.850",,"1.860,3.800,3.150,0.840,0.5,1.000,0.900,3.25,0.920","1.810,3.350,3.400,0.830,0.5,0.970,0.900,3.25,0.880","1.610,4.150,3.850,0.870,0.75,1.000,0.900,3.25,0.950","1.820,3.800,3.800,0.870,0.5,0.920,0.940,3.25,0.850",,"1.610,4.150,3.850,0.860,0.75,1.000,0.890,3.25,0.950","1.760,3.970,4.160,0.950,0.75,0.880,0.900,3.25,0.920"
20200715,,捷乙,贺拉戴克,索科洛夫,2-0,"1.800,4.000,3.400,0.980,0.5,0.820,1.000,3.25,0.800","1.950,3.750,2.940,0.960,0.5,0.880,0.970,3.25,0.850","1.830,4.050,3.150,0.960,0.5,0.860,0.960,3.25,0.830",,"1.970,3.700,2.920,0.970,0.5,0.870,0.950,3.25,0.870",,,,"1.950,3.800,3.000,0.990,0.5,0.860,0.950,3.25,0.900","1.950,3.800,3.250,0.990,0.5,0.830,1.000,3.25,0.800",,"1.970,3.700,2.920,0.970,0.5,0.870,0.950,3.25,0.870","1.970,3.350,2.910,1.000,0.5,0.800,0.950,3.25,0.830","1.950,3.750,2.940,0.980,0.5,0.890,0.990,3.25,0.860","1.760,3.700,4.200,0.890,0.75,0.890,0.820,3.0,0.970",,"1.950,3.750,2.940,0.970,0.5,0.890,0.980,3.25,0.860","2.050,3.650,3.240,0.810,0.25,1.020,0.830,3.0,0.980"
20200715,,斯伐超,鲁森比洛克,米哈洛夫采,1-0,"1.300,5.000,8.000,0.800,1.25,1.000,0.980,2.75,0.820","1.350,4.500,6.300,0.880,1.25,0.940,0.860,2.75,0.940","1.300,4.900,8.250,0.650,1.0,1.220,0.670,2.5,1.150",,"1.380,4.400,6.000,0.900,1.25,0.940,0.920,2.75,0.900",,,,"1.360,4.300,6.000,0.890,1.25,0.960,0.940,2.75,0.910","1.330,4.200,7.500,0.830,1.25,0.950,0.930,2.75,0.830",,"1.380,4.400,6.000,0.900,1.25,0.940,0.920,2.75,0.900","1.360,4.260,5.990,0.870,1.25,0.930,0.920,2.75,0.860","1.350,4.500,6.300,0.900,1.25,0.950,0.880,2.75,0.950","1.300,5.000,8.000,0.800,1.25,1.000,0.740,2.5,1.040",,"1.350,4.500,6.300,0.880,1.25,0.960,0.860,2.75,0.960","1.410,4.880,7.310,1.050,1.25,0.800,1.000,2.75,0.830"
20200715,,乌克甲,梅塔利斯特1925,艾维铵哈德,0-1,"1.800,3.400,3.750,0.880,0.5,0.930,0.950,2.5,0.850","1.830,3.450,3.500,0.830,0.5,0.930,0.860,2.5,0.900","1.800,3.200,3.950,0.860,0.5,0.920,0.860,2.5,0.920",,"2.000,3.200,3.250,1.040,0.5,0.800,0.860,2.5,0.960",,,,"2.020,3.100,3.100,1.070,0.5,0.730,0.870,2.5,0.900","1.800,3.300,3.750,0.830,0.5,0.870,0.900,2.5,0.800",,"2.000,3.200,3.250,1.000,0.5,0.840,0.900,2.5,0.920","2.020,3.110,3.020,0.940,0.5,0.860,0.900,2.5,0.880","1.830,3.450,3.500,0.850,0.5,0.940,0.880,2.5,0.910","1.850,3.300,4.200,0.850,0.5,0.920,0.850,2.5,0.920",,"1.830,3.450,3.500,0.830,0.5,0.930,0.860,2.5,0.900","1.670,3.690,4.640,0.890,0.75,0.880,0.850,2.5,0.920"
20200715,,球会友谊,潘多夫学院,奥斯格维,3-0,,,,,,,,,,,,,,,,,,
20200715,,葡超,辛达卡拉,艾维斯,3-0,"1.660,3.800,4.330,0.950,0.75,0.950,0.920,2.25,0.920","1.620,3.750,5.000,0.800,0.75,1.080,0.920,2.5,0.940","1.680,3.550,4.900,0.660,0.5,1.270,1.150,2.5,0.690",,"1.630,3.700,5.100,0.930,0.75,0.990,1.060,2.5,0.840","1.650,3.430,4.750,0.850,0.75,0.950,0.940,2.5,0.760",,,"1.620,3.800,5.000,0.870,0.75,1.060,0.920,2.5,0.980","1.670,4.000,4.500,1.030,0.75,0.870,0.850,2.25,1.020",,"1.630,3.700,5.100,0.930,0.75,0.990,1.060,2.5,0.840","1.600,3.540,5.030,0.850,0.75,1.030,0.960,2.5,0.900","1.630,3.750,5.000,0.880,0.75,1.030,0.950,2.5,0.950","1.660,3.700,5.250,0.910,0.75,0.910,0.910,2.25,0.910",,"1.620,3.750,5.000,0.810,0.75,1.120,0.930,2.5,0.970","1.690,3.730,5.470,0.940,0.75,0.940,0.930,2.25,0.930"
20200715,,波兰乙,瓦塔波兹南,台基,2-2,"2.370,3.250,2.750,1.050,0.25,0.800,0.900,2.5,0.950","2.210,3.500,2.780,0.980,0.25,0.900,1.030,2.75,0.830","2.450,3.150,2.650,0.760,0,1.030,0.870,2.5,0.870",,"2.150,3.400,2.970,1.000,0.25,0.900,1.030,2.75,0.850",,,,"2.080,3.300,2.900,0.860,0.25,0.990,0.930,2.75,0.920","2.400,3.400,2.880,1.080,0.25,0.820,0.910,2.5,0.950",,"2.150,3.400,2.970,1.000,0.25,0.900,1.030,2.75,0.850","2.110,3.300,2.860,0.860,0.25,1.000,0.960,2.75,0.880","2.210,3.500,2.780,1.000,0.25,0.910,1.050,2.75,0.840","2.400,3.250,2.750,0.960,0.25,0.830,0.880,2.5,0.880",,"2.210,3.500,2.780,0.990,0.25,0.910,1.040,2.75,0.840","2.500,3.380,2.760,0.810,0,1.010,0.880,2.5,0.920"
20200715,,球会友谊,伯拉治,查普利纳,6-0,,,,,,,,,,,,,,,,,,
20200715,,球会友谊,沙希尔,雷捷琛,4-1,,,,,,,,,,,,,,,,,,
20200715,,瑞士挑,温特图尔,沙夫豪森,1-0,"1.720,3.800,4.000,0.820,0.5,0.980,0.800,3.0,1.000","1.770,3.900,3.550,1.000,0.75,0.820,0.810,3.0,0.990","1.760,3.750,3.800,1.090,0.75,0.740,1.050,3.25,0.730",,"1.880,3.400,3.400,0.840,0.5,1.040,0.880,3.0,0.980",,,,"1.820,3.800,3.400,0.850,0.5,1.050,0.900,3.0,0.980","1.900,3.500,4.100,0.850,0.5,1.030,0.980,3.0,0.880",,"1.880,3.400,3.400,0.840,0.5,1.040,0.880,3.0,0.980","1.840,3.350,3.300,0.890,0.5,0.950,0.890,3.0,0.930","1.770,3.900,3.550,0.840,0.5,1.010,0.830,3.0,1.000","1.730,3.800,4.000,0.830,0.5,0.980,0.550,2.5,1.380",,"1.820,3.900,3.400,0.830,0.5,1.010,0.850,3.0,0.970","1.860,4.170,3.570,0.840,0.5,0.970,0.810,3.0,0.990"
20200715,,瑞士挑,克里恩斯,洛桑,0-3,"4.330,4.000,1.610,0.920,-0.75,0.880,0.950,3.5,0.850","3.500,4.150,1.750,0.880,-0.75,0.940,0.960,3.5,0.840","4.250,4.200,1.600,0.800,-0.75,1.000,0.700,3.25,1.090",,"3.750,3.700,1.710,0.950,-0.75,0.930,0.890,3.25,0.970",,,,"3.800,4.200,1.650,1.060,-0.75,0.840,0.890,3.25,1.000","4.600,3.600,1.750,1.000,-0.75,0.870,0.910,3.25,0.930",,"3.750,3.700,1.710,0.950,-0.75,0.930,0.890,3.25,0.970","3.540,3.640,1.690,0.920,-0.75,0.920,0.850,3.25,0.970","3.500,4.150,1.750,0.900,-0.75,0.950,0.980,3.5,0.850","4.300,4.000,1.620,0.930,-0.75,0.880,0.400,2.5,1.850",,"3.550,4.050,1.750,0.890,-0.75,0.950,0.860,3.25,0.960","3.870,4.490,1.720,0.920,-0.75,0.890,0.950,3.5,0.850"
20200715,,黑山甲,博凯列,迪托格特,0-1,"4.500,3.400,1.660,0.820,-0.75,0.980,1.000,2.5,0.800","4.000,3.300,1.680,0.800,-0.75,0.900,0.800,2.25,0.900","4.450,3.350,1.660,0.830,-0.75,0.960,0.850,2.25,0.930",,"4.000,3.000,1.760,0.820,-0.75,0.940,0.840,2.25,0.920",,,,"4.500,3.400,1.650,0.800,-0.75,0.980,1.030,2.25,0.760","4.500,3.500,1.650,0.870,-0.75,0.920,1.020,2.5,0.780",,"4.000,3.000,1.760,0.820,-0.75,0.940,0.840,2.25,0.920",".000,.000,.000,0.830,-0.75,0.830,0.810,2.25,0.850","4.000,3.300,1.680,0.820,-0.75,0.910,0.820,2.25,0.910","4.500,3.400,1.670,0.820,-0.75,0.970,0.980,2.5,0.790",,"4.000,3.300,1.680,0.800,-0.75,0.900,0.800,2.25,0.900",
20200715,,奥乙,卡芬堡,瓦克蒂罗尔,2-3,"4.200,4.000,1.660,0.950,-0.75,0.850,0.850,3.0,0.950","3.050,3.650,1.930,0.880,-0.5,0.940,0.910,3.0,0.890","3.300,3.700,1.860,0.850,-0.5,0.890,0.840,3.0,0.850",,"3.950,3.900,1.690,1.000,-0.25,0.860,0.930,3.0,0.910",,,,"3.900,3.700,1.670,1.000,-0.75,0.900,0.920,3.0,0.950","4.330,4.100,1.700,0.960,-0.75,0.950,0.900,3.0,0.980",,"3.950,3.900,1.690,1.000,-0.25,0.860,0.930,3.0,0.910","3.880,3.690,1.670,0.980,-0.75,0.880,0.910,3.0,0.930","3.950,4.050,1.620,0.990,-0.75,0.860,0.830,3.0,1.000","3.050,3.600,2.050,0.930,-0.25,0.810,0.890,3.0,0.850",,"3.050,3.650,1.930,0.890,-0.5,0.950,0.920,3.0,0.900","3.200,3.750,2.140,0.970,-0.25,0.850,0.920,3.0,0.890"
20200715,,球会友谊,ASKO,卡帕托姆比,3-0,"2.150,4.330,2.400,0.800,0.0,1.000,0.980,4.25,0.820",,"2.200,4.050,2.500,0.800,0,1.030,0.970,4.25,0.820",,,,,,,,,,,,"2.200,4.200,2.450,0.750,0,0.950,0.900,4.25,0.800",,,"2.220,3.940,2.450,0.760,0,0.940,0.740,4.0,0.960"
20200715,,球会友谊,SK奥地利克拉根福,KAC 1909,0-2,"29.000,17.000,1.025,0.975,-0.75,0.825,0.975,4.0,0.825",,,,,,,,,,,,,,,,,
20200715,,球会友谊,嘉沃伊万基卡,普莱特尔,2-1,"2.370,3.600,2.370,0.900,0.0,0.900,0.900,2.75,0.900",,,,,,,,,"2.400,3.600,2.450,0.900,0,0.900,0.830,2.75,0.910",,,,,,,,
20200715,,球会友谊,沃克拉马克,联盟,2-1,"1.440,5.500,4.200,0.750,1.0,1.050,0.850,4.25,0.950",,"1.500,4.800,4.500,0.790,1.0,1.040,0.740,4.0,1.060",,,,,,"1.250,6.500,6.500,0.770,1.5,0.870,0.750,4.25,0.970",,,,,,"1.250,6.500,6.500,0.900,1.75,0.900,0.850,4.25,0.950",,,
20200715,,球会友谊,基茨比厄尔,奥地利萨尔斯堡,3-1,,,,,,,,,,,,,,,,,,
20200715,,球会友谊,斯哈尔巴赫,古穆尼尔,3-0,"1.250,5.750,7.000,0.800,1.75,1.000,0.850,4.5,0.950",,,,,,,,".000,.000,.000,0.850,1.75,0.850,0.740,4.5,0.970",,,,,,"1.280,6.000,7.250,0.800,1.75,0.960,0.900,4.5,0.800",,,
20200715,,球会友谊,SV Ilz,斯塔格斯巴茲,4-1,"2.200,4.330,2.370,1.020,0.25,0.780,0.900,3.75,0.900",,,,,,,,,,,,,,,,,
20200715,,球会友谊,阿勒黑里根,USC伊斯科戈,9-0,"1.030,15.000,34.000,0.900,3.5,0.900,0.750,4.75,1.050",,,,".000,.000,.000,0.760,4.25,1.000,0.740,5.0,1.020",,,,,,,".000,.000,.000,0.760,4.25,1.000,0.740,5.0,1.020",,,"1.010,19.000,41.000,0.790,4.25,0.970,0.650,5.0,1.120",,,
20200715,,球会友谊,哈萨赫姆斯,比尔利克,2-0,,,,,,,,,,,,,,,,,,
20200715,周二002,英冠,雷丁,米德尔斯堡,1-2,"2.800,3.250,2.500,1.030,0,0.870,0.850,2.25,1.000","2.680,3.350,2.450,1.030,0,0.850,0.840,2.25,1.020","2.600,3.150,2.700,1.210,0.25,0.700,0.850,2.25,0.980",,"2.520,3.150,2.720,1.200,0.25,0.710,0.880,2.25,1.000","2.830,3.130,2.310,0.770,-0.25,1.030,0.780,2.25,0.920",,,"2.900,3.200,2.360,0.820,-0.25,1.100,1.090,2.5,0.820","2.600,3.200,2.700,0.910,0,0.990,1.020,2.25,0.850",,"2.520,3.150,2.720,1.200,0.25,0.710,0.880,2.25,1.000","2.580,3.020,2.560,0.950,0,0.930,0.860,2.25,1.000","2.680,3.350,2.450,1.050,0,0.860,0.860,2.25,1.030","2.600,3.200,2.700,1.180,0.25,0.700,0.630,2.0,1.150",,"2.680,3.350,2.450,1.040,0,0.880,0.850,2.25,1.050","2.680,3.250,2.780,0.910,0,0.980,0.850,2.25,1.010"
20200715,,英冠,维冈竞技,赫尔城,8-0,"1.830,3.500,4.330,0.860,0.5,1.040,0.950,2.5,0.900","1.930,3.550,3.600,0.930,0.5,0.950,0.980,2.5,0.880","2.000,3.450,3.450,0.910,0.5,0.960,0.970,2.5,0.860",,"1.950,3.400,3.650,0.940,0.5,0.980,1.000,2.5,0.900","1.810,3.520,3.720,0.810,0.5,0.990,0.870,2.5,0.830",,,"1.850,3.600,3.800,0.870,0.5,1.040,0.930,2.5,0.960","2.050,3.500,3.400,1.080,0.5,0.830,0.910,2.5,0.980",,"1.950,3.400,3.650,0.940,0.5,0.980,1.000,2.5,0.900","1.780,3.260,3.590,0.800,0.5,1.000,0.900,2.5,0.880","1.930,3.550,3.600,0.950,0.5,0.960,1.000,2.5,0.890","1.950,3.500,3.800,0.890,0.5,0.930,0.880,2.5,0.920",,"1.930,3.550,3.600,0.940,0.5,0.980,0.990,2.5,0.910","1.930,3.650,4.060,0.920,0.5,0.960,0.960,2.5,0.900"
20200715,,球会友谊,施特劳斯贝格,柏林安卡拉体育,0-0,"10.000,8.000,1.120,1.000,-2.0,0.800,0.950,4.5,0.850",,"11.000,7.750,1.130,0.970,-2.5,0.860,0.980,4.5,0.810",,".000,.000,.000,1.060,-3.75,0.700,0.900,5.5,0.860",,,,,"13.000,10.000,1.080,0.880,-2.75,0.930,0.930,4.75,0.800",,".000,.000,.000,1.060,-3.75,0.700,0.900,5.5,0.860",".000,.000,.000,1.030,-3.75,0.690,0.790,5.5,0.930",,"13.000,9.500,1.080,0.940,-2.75,0.770,0.730,4.75,1.010",,,"13.040,9.740,1.080,0.790,-3.0,0.920,0.760,4.75,0.950"
20200715,,球会友谊,希根克罗兹,卡尔斯多夫,4-1,"4.100,5.000,1.500,0.950,-1.0,0.850,0.800,4.0,1.000",,"4.350,4.650,1.520,0.670,-1.0,1.220,0.850,4.0,0.930",,"3.100,3.850,1.870,0.750,-0.5,1.010,0.820,4.0,0.940",,,,,"3.900,4.800,1.570,0.900,-0.75,0.900,0.800,4.0,0.910",,"2.800,3.750,2.010,0.750,-0.5,1.010,0.820,4.0,0.940",".000,.000,.000,0.990,-0.25,0.730,0.800,4.0,0.920",,"2.800,4.500,1.950,0.840,-0.5,0.950,0.500,3.5,1.400",,,
20200715,,挪甲,桑德尼斯,利勒斯特罗姆,1-1,"4.000,3.800,1.800,1.000,-0.5,0.850,0.920,3.0,0.920","3.450,3.850,1.810,1.010,-0.5,0.810,0.860,3.0,0.940","3.900,3.800,1.740,0.840,-0.75,0.990,0.850,3.0,0.930",,"3.650,3.600,1.890,0.880,-0.5,0.960,1.020,3.0,0.800","3.410,3.600,1.650,0.810,-0.75,0.890,0.790,3.0,0.810",,,"3.600,3.800,1.770,0.920,-0.75,1.000,0.930,3.0,0.970","3.900,3.900,1.850,1.020,-0.5,0.880,0.910,3.0,0.930",,"3.650,3.600,1.890,0.880,-0.5,0.960,0.870,3.0,0.950","3.780,3.350,1.840,1.020,-0.5,0.860,0.950,3.0,0.910","3.450,3.850,1.810,1.030,-0.5,0.820,0.880,3.0,0.950","4.000,3.800,1.710,0.800,-0.75,0.950,0.830,3.0,0.920",,"3.450,3.850,1.810,1.020,-0.5,0.880,0.870,3.0,1.010","4.140,4.030,1.790,0.840,-0.75,0.990,0.860,3.0,0.950"
20200715,,丹麦甲,维堡,文德斯尔,4-1,"1.700,3.600,4.330,0.980,0.75,0.880,0.950,2.75,0.900","1.710,3.800,4.000,0.850,0.5,0.970,0.950,2.75,0.850","1.860,3.500,3.700,0.750,0.5,1.190,0.740,2.5,1.150",,"1.740,3.650,3.700,1.030,0.75,0.870,0.900,2.75,0.980",,,,"1.710,3.800,4.000,0.730,0.5,1.200,0.970,2.75,0.920","1.750,3.700,4.500,0.970,0.75,0.930,0.950,2.75,0.930",,"1.740,3.650,3.700,1.000,0.75,0.900,0.960,2.75,0.920","1.700,3.640,3.780,0.960,0.75,0.900,0.970,2.75,0.870","1.710,3.800,4.000,0.730,0.5,1.130,0.930,2.75,0.900","1.760,3.400,3.900,0.970,0.75,0.800,0.890,2.75,0.870",,"1.710,3.800,4.000,0.860,0.5,0.980,0.960,2.75,0.860","1.730,3.900,4.680,0.930,0.75,0.900,0.910,2.75,0.900"
20200715,,丹麦甲,维积利,尼克宾,1-0,"1.400,4.500,6.500,1.050,1.25,0.800,1.000,3.0,0.850","1.410,4.450,6.000,1.020,1.5,0.800,0.950,3.0,0.850","1.350,4.650,7.250,1.230,1.5,0.720,1.180,3.0,0.720",,"1.450,4.150,5.400,1.080,1.25,0.820,0.940,2.75,0.940",,,,"1.470,4.400,5.200,1.080,1.25,0.810,1.020,3.0,0.880","1.400,4.500,8.000,1.010,1.25,0.890,0.900,2.75,0.980",,"1.440,4.100,5.600,1.080,1.25,0.820,0.940,2.75,0.940","1.450,4.070,5.220,1.070,1.25,0.790,0.840,2.75,1.000","1.420,4.400,5.800,1.010,1.25,0.840,0.970,3.0,0.860","1.300,4.600,7.750,0.970,1.25,0.800,1.110,3.0,0.700",,"1.410,4.450,6.000,1.030,1.5,0.810,0.960,3.0,0.860","1.390,4.820,8.010,0.910,1.25,0.920,0.840,2.75,0.970"
20200715,,立陶杯,特拉凯,班加,2-0,"1.910,3.400,3.400,1.000,0.5,0.800,0.800,2.5,1.000","1.800,3.400,3.350,0.800,0.5,0.900,0.750,2.5,0.950","1.900,3.300,3.550,1.040,0.5,0.750,0.800,2.25,1.000",,"1.990,3.250,2.940,0.750,0.5,0.950,1.010,2.5,0.690",,,,"2.230,3.000,2.800,0.940,0.25,0.910,1.090,2.25,0.750","2.050,3.130,3.400,0.790,0.25,0.990,0.870,2.25,0.900",,"1.990,3.250,2.940,0.750,0.5,0.950,1.010,2.5,0.690","2.230,2.970,2.760,0.920,0.25,0.880,1.050,2.25,0.730","1.800,3.400,3.350,0.900,0.5,0.830,0.770,2.5,0.960","1.800,3.400,3.350,0.800,0.5,0.900,0.750,2.5,0.950",,"1.800,3.400,3.350,0.800,0.5,0.900,0.750,2.5,0.950",
20200715,,丹麦甲,弗雷德里西亚,科灵,2-0,"1.750,3.600,4.000,0.820,0.5,1.020,0.850,2.75,1.000","1.800,3.800,3.600,0.860,0.5,1.020,0.860,2.75,1.000","2.000,3.500,3.350,0.810,0.5,1.100,1.080,3.0,0.800",,"1.850,3.450,3.450,0.850,0.5,1.050,0.850,2.75,1.030",,,,"1.800,3.800,3.600,0.820,0.5,1.090,0.870,2.75,1.030","1.800,3.750,4.200,0.840,0.5,1.070,0.830,2.75,1.060",,"1.850,3.450,3.450,0.850,0.5,1.050,0.850,2.75,1.030","1.830,3.450,3.450,0.850,0.5,1.010,0.880,2.75,0.960","1.800,3.800,3.600,0.820,0.5,1.030,0.820,2.75,1.010","1.950,3.300,3.250,0.960,0.75,0.810,0.790,2.75,0.980",,"1.800,3.800,3.600,0.810,0.5,1.030,0.810,2.75,1.010","1.790,3.910,4.310,0.990,0.75,0.840,0.790,2.75,1.030"
20200715,,球会友谊,库姆伯格,ST鲁普雷希特,3-2,"1.400,5.000,5.250,0.800,1.25,1.000,0.800,4.75,1.000",,,,,,,,,,,,,,,,,
20200715,,球会友谊,华顿斯B队,维斯密尔05,6-4,,,,,,,,,,,,,,,,,,"1.390,4.780,5.020,0.920,1.5,0.780,0.820,4.0,0.880"
20200715,,冰女超,IBV韦斯文尼查女足,贝雷达比历克女足,0-4,"11.000,9.000,1.120,0.900,-2.25,0.900,0.950,3.75,0.850","9.900,7.000,1.050,0.950,-2.25,0.650,0.700,4.0,0.900","11.250,7.500,1.100,0.950,-2.25,0.840,0.890,4.0,0.890",,".000,.000,.000,0.900,-2.25,0.800,0.850,4.0,0.850",,,,"11.000,8.000,1.080,1.170,-2.25,0.670,0.710,4.0,1.100","13.000,7.500,1.120,0.890,-2.25,0.890,0.930,3.75,0.830",,".000,.000,.000,0.900,-2.25,0.800,0.850,4.0,0.850",".000,.000,.000,0.880,-2.5,0.900,0.800,4.0,0.960","8.600,6.200,1.080,0.870,-2.25,0.760,0.820,4.0,0.810","12.000,9.000,1.130,0.890,-2.25,0.890,0.750,3.5,0.950",,"8.600,6.200,1.080,0.850,-2.25,0.750,0.800,4.0,0.800",
20200715,,球会友谊,祖格,盧森踢球者,1-2,,,,,,,,,,,,,,,,,,
20200715,,冰女超,托KA阿克雷里女足,哈夫纳夫约杜尔女足,0-1,"1.440,5.000,4.500,0.800,1.25,1.000,0.850,3.25,0.950",,,,"1.370,4.500,5.100,0.800,1.25,0.900,0.770,3.25,0.930",,,,"1.360,5.000,4.900,0.870,1.25,0.900,0.780,3.25,1.000","1.450,4.500,5.250,0.790,1.0,0.990,0.830,3.25,0.930",,"1.370,4.500,5.100,0.800,1.25,0.900,0.770,3.25,0.930","1.380,4.550,4.070,0.850,1.25,0.930,0.830,3.25,0.930",,"1.390,5.500,5.500,0.800,1.0,1.000,0.400,2.5,1.860",,,
20200715,,斯伐超,特尔纳瓦斯巴达克,特伦辛,3-0,"2.400,3.400,2.600,0.820,0,0.980,0.980,2.75,0.820","2.550,3.350,2.330,1.000,0,0.820,0.920,2.5,0.880","2.400,3.400,2.550,1.180,0.25,0.680,1.070,2.75,0.720",,"2.540,3.300,2.360,0.890,0,0.950,0.860,2.5,0.960",,,,"2.430,3.200,2.350,0.950,0,0.900,0.940,2.5,0.910","2.380,3.250,2.550,0.820,0,0.960,0.950,2.75,0.800",,"2.410,3.300,2.490,0.890,0,0.950,0.860,2.5,0.960","2.320,3.260,2.440,0.850,0,0.950,0.830,2.5,0.950","2.550,3.350,2.330,1.020,0,0.830,0.940,2.5,0.890","2.400,3.400,2.600,0.820,0,0.970,0.760,2.5,1.010",,"2.550,3.350,2.330,1.000,0,0.840,0.920,2.5,0.900","2.550,3.580,2.670,0.880,0,0.960,0.860,2.5,0.960"
20200715,周二003,葡超,波尔蒂芒人,博阿维斯塔,2-1,"1.800,3.400,4.100,0.870,0.5,1.030,1.000,2.25,0.850","1.810,3.350,4.350,0.820,0.5,1.060,1.030,2.25,0.830","2.050,3.100,3.550,0.810,0.25,1.020,1.000,2.25,0.800",,"1.900,3.200,4.150,1.110,0.5,0.780,0.980,2.25,0.900","1.620,3.330,5.400,0.820,0.75,0.980,0.950,2.25,0.750",,,"1.650,3.400,5.500,0.910,0.75,1.010,1.030,2.25,0.880","1.950,3.200,4.100,0.900,0.5,0.990,1.060,2.25,0.800",,"1.900,3.200,4.150,1.110,0.5,0.780,0.980,2.25,0.900","1.810,3.210,4.170,0.900,0.5,0.980,1.000,2.25,0.860","1.810,3.350,4.350,0.840,0.5,1.070,1.050,2.25,0.840","2.050,3.200,3.800,1.080,0.5,0.750,0.940,2.25,0.860",,"1.940,3.350,3.800,0.960,0.5,0.960,1.040,2.25,0.860","2.150,3.240,3.750,0.830,0.25,1.050,1.090,2.25,0.770"
20200715,,奥乙,SV霍恩,奥地利克拉根福,1-3,"3.800,4.000,1.800,0.950,-0.5,0.850,0.900,3.25,0.900","3.000,3.850,1.970,0.840,-0.5,0.980,1.020,3.25,0.780","3.400,3.800,1.830,0.830,-0.5,0.960,0.760,3.0,0.990",,"3.550,3.650,1.840,1.000,-0.5,0.840,0.760,3.0,1.060",,,,"3.600,4.000,1.750,1.090,-0.5,0.800,1.120,3.5,0.780","3.500,4.000,1.870,0.980,-0.5,0.930,0.950,3.25,0.910",,"3.550,3.650,1.840,0.850,-0.5,0.990,0.800,3.0,1.020","3.110,3.400,1.870,0.900,-0.5,0.900,0.890,3.25,0.890","3.000,3.850,1.900,0.930,-0.5,0.920,0.880,3.25,0.950","3.000,3.900,1.950,0.800,-0.5,0.940,1.000,3.25,0.760",,"3.000,3.850,1.970,0.850,-0.5,0.990,1.030,3.25,0.790","3.430,3.880,2.020,0.840,-0.5,0.990,0.790,3.0,1.020"
20200715,,瑞士超,巴塞尔,苏黎世,4-0,,,,,,,,,,,,,,,,,,
20200715,,波兰甲,阿尔卡,萨比利斯,1-2,"2.870,3.400,2.370,0.880,-0.25,0.980,0.980,2.75,0.880","2.750,3.550,2.190,0.840,-0.25,0.980,0.960,2.75,0.840","3.100,3.200,2.200,0.950,-0.25,0.950,0.930,2.5,0.930",,"2.780,3.450,2.340,0.800,-0.25,1.130,1.080,2.75,0.820","2.450,3.320,2.130,0.770,-0.25,0.930,0.890,2.75,0.710",,,"2.600,3.600,2.460,0.800,-0.25,1.130,1.050,2.75,0.830","3.100,3.400,2.250,0.920,-0.25,0.960,0.900,2.5,0.950",,"2.780,3.450,2.340,0.800,-0.25,1.130,1.080,2.75,0.820","2.680,3.210,2.360,0.780,-0.25,1.110,1.050,2.75,0.810","2.750,3.550,2.190,0.860,-0.25,0.990,0.980,2.75,0.850","3.050,3.450,2.250,0.850,-0.25,0.960,0.900,2.5,0.900",,"2.750,3.550,2.190,0.850,-0.25,0.990,0.970,2.75,0.850","3.100,3.350,2.290,0.850,-0.25,0.960,0.950,2.75,0.840"
20200715,,波兰甲,卢宾扎格勒比,克拉科夫,3-1,"2.200,3.500,3.100,1.000,0.25,0.850,0.880,2.75,0.980","2.130,3.600,2.820,0.900,0.25,0.920,0.860,2.75,0.940","2.050,3.350,3.350,1.020,0.25,0.880,0.840,2.75,1.020",,"2.270,3.400,2.900,0.990,0.25,0.850,0.820,2.75,1.000","2.120,3.150,2.550,0.910,0.25,0.790,0.760,2.75,0.840",,,"2.170,3.600,2.700,0.990,0.25,0.910,0.920,2.75,0.970","2.050,3.600,3.400,0.830,0.25,1.070,0.850,2.75,1.020",,"2.270,3.400,2.900,0.990,0.25,0.850,0.820,2.75,1.000","2.240,3.160,2.910,1.030,0.25,0.850,0.900,2.75,0.960","2.170,3.650,2.740,0.990,0.25,0.860,0.880,2.75,0.950","2.050,3.700,3.300,0.980,0.25,0.840,1.020,3.0,0.700",,"2.130,3.600,2.820,0.910,0.25,0.930,0.870,2.75,0.950","2.240,3.550,3.210,0.920,0.25,0.930,0.880,2.75,0.950"
20200715,,瑞士挑,草蜢,切阿索,2-1,"1.120,7.000,15.000,0.800,2.25,1.000,0.950,3.75,0.850","1.110,7.900,13.000,1.000,2.5,0.820,0.910,3.75,0.890","1.110,7.250,15.000,1.010,2.5,0.800,0.740,3.5,1.030",,"1.030,11.000,16.000,1.040,2.5,0.840,0.950,3.75,0.910",,,,"1.070,9.600,16.000,0.960,2.75,0.930,0.940,4.0,0.940","1.200,6.000,15.000,0.820,2.0,1.060,0.900,3.5,0.950",,"1.030,11.000,16.000,1.040,2.5,0.840,0.950,3.75,0.910",,"1.110,7.900,13.000,1.020,2.5,0.830,0.930,3.75,0.900","1.130,7.000,15.000,0.850,2.25,0.940,0.800,3.5,0.910",,"1.110,7.900,13.000,1.010,2.5,0.830,0.920,3.75,0.900","1.100,8.990,19.190,0.940,2.5,0.850,0.900,3.75,0.880"
20200715,,瑞士挑,瓦杜兹,阿劳,1-1,"1.360,4.750,6.500,0.880,1.0,0.920,0.980,4.25,0.820","1.560,4.850,3.950,0.860,1.0,0.960,0.950,4.25,0.850","1.360,5.050,5.850,0.740,1.0,1.080,1.090,4.5,0.700",,"1.570,4.350,3.950,0.920,1.0,0.960,0.910,4.25,0.950",,,,"1.530,5.000,4.100,0.860,1.0,1.040,0.910,4.25,0.970","1.450,4.200,7.000,0.850,1.25,1.030,0.930,3.5,0.910",,"1.570,4.350,3.950,0.920,1.0,0.960,0.910,4.25,0.950","1.530,4.170,3.980,0.840,1.0,1.000,0.810,4.25,1.010","1.560,4.850,3.950,0.880,1.0,0.970,0.970,4.25,0.860","1.360,4.800,6.500,0.900,1.0,0.910,1.200,4.5,0.620",,"1.560,4.900,3.950,0.890,1.0,0.950,0.880,4.25,0.940","1.610,4.690,4.370,0.880,1.0,0.940,0.970,4.25,0.830"
20200715,,波兰甲,华沙普洛克,哥罗纳,3-1,"2.000,3.500,3.600,0.820,0.25,1.020,0.820,2.25,1.020","2.080,3.350,3.100,0.840,0.25,0.980,0.790,2.25,1.010","2.050,3.300,3.400,0.790,0.25,1.130,0.990,2.5,0.880",,"2.020,3.350,3.450,0.840,0.25,1.080,0.850,2.25,1.050","1.950,3.130,2.900,0.730,0.25,0.970,0.580,2.25,1.020",,,"2.080,3.400,3.200,0.860,0.25,1.050,0.740,2.25,1.190","2.050,3.400,3.600,1.090,0.5,0.820,1.000,2.5,0.870",,"2.020,3.350,3.450,0.840,0.25,1.080,0.850,2.25,1.050","2.060,3.260,3.160,0.850,0.25,1.030,1.000,2.5,0.860","2.080,3.350,3.100,0.860,0.25,0.990,0.810,2.25,1.020","2.050,3.500,3.450,0.990,0.5,0.820,0.950,2.5,0.850",,"2.080,3.350,3.100,0.850,0.25,0.990,0.800,2.25,1.020","2.130,3.290,3.520,0.810,0.25,1.000,0.790,2.25,1.010"
20200715,,波兰甲,LKS洛迪兹,琴斯托霍瓦,3-2,"3.800,3.600,1.900,0.800,-0.5,1.050,0.920,2.75,0.920","3.050,3.650,2.020,0.800,-0.5,1.020,0.860,2.75,0.940","3.750,3.450,1.860,0.750,-0.75,1.190,1.000,2.75,0.860",,"3.050,3.300,2.230,0.730,-0.5,1.230,1.110,2.75,0.800","2.580,3.180,2.110,0.580,-0.5,1.120,0.960,2.75,0.640",,,"2.900,3.400,2.230,0.740,-0.5,1.170,1.050,2.75,0.850","3.900,3.700,1.900,0.960,-0.5,0.920,1.000,2.75,0.870",,"3.050,3.300,2.230,0.730,-0.5,1.230,1.110,2.75,0.800","2.920,3.260,2.170,0.730,-0.5,1.170,1.030,2.75,0.830","3.050,3.650,2.020,0.820,-0.5,1.030,0.880,2.75,0.950","3.800,3.700,1.900,1.040,-0.25,0.780,0.720,2.5,1.120",,"3.050,3.650,2.020,0.810,-0.5,1.030,0.870,2.75,0.950","3.460,3.530,2.060,0.930,-0.5,0.880,0.890,2.75,0.910"
20200715,,波兰乙,史塔麦列克,查洛里,1-0,"1.720,3.600,4.200,1.000,0.75,0.850,0.850,2.5,1.000","1.800,3.500,3.600,0.800,0.5,1.020,0.830,2.5,0.970","1.710,3.500,4.350,0.950,0.75,0.840,0.890,2.75,0.850",,"1.800,3.300,4.150,1.080,0.75,0.820,1.050,2.5,0.830",,,,"1.760,3.400,3.900,1.020,0.75,0.840,1.040,2.5,0.820","1.800,3.600,4.500,0.970,0.75,0.910,0.950,2.75,0.890",,"1.800,3.300,4.150,1.080,0.75,0.820,1.050,2.5,0.830","1.710,3.400,4.070,1.060,0.75,0.800,1.030,2.5,0.810","1.800,3.500,3.600,0.820,0.5,1.030,0.850,2.5,0.980","1.720,3.600,4.200,0.730,0.5,1.080,0.760,2.5,1.010",,"1.780,3.400,3.800,1.030,0.75,0.810,1.020,2.5,0.800","1.750,3.790,4.430,0.740,0.5,1.090,0.830,2.5,0.960"
20200715,周二007,英冠,谢周三,哈德斯菲尔德,0-0,"2.300,3.250,3.100,1.070,0.25,0.830,0.850,2.25,1.000","2.350,3.300,2.860,1.060,0.25,0.820,0.860,2.25,1.000","2.400,3.300,2.800,1.030,0.25,0.840,0.810,2.25,1.010",,"2.310,3.200,3.050,1.040,0.25,0.840,0.840,2.25,1.040","2.330,3.130,2.810,1.060,0.25,0.740,0.800,2.25,0.900",,,"2.380,3.200,2.900,1.140,0.25,0.780,0.870,2.25,1.030","2.400,3.300,2.880,0.810,0,1.110,0.830,2.25,1.060",,"2.310,3.200,3.050,1.040,0.25,0.840,0.840,2.25,1.040","2.340,3.110,2.790,1.070,0.25,0.810,0.860,2.25,1.000","2.350,3.300,2.860,1.080,0.25,0.830,0.880,2.25,1.010","2.400,3.350,2.800,1.010,0.25,0.820,1.000,2.5,0.800",,"2.350,3.300,2.860,1.070,0.25,0.850,0.870,2.25,1.030","2.410,3.220,3.180,1.050,0.25,0.830,0.880,2.25,0.990"
20200715,周二005,英冠,卢顿,女王公园巡游者,1-1,"2.370,3.400,2.870,0.880,0,1.020,1.020,2.75,0.820","2.530,3.500,2.500,0.950,0,0.930,1.030,2.75,0.830","2.800,3.300,2.400,1.000,0,0.870,1.010,2.75,0.810",,"2.510,3.200,2.700,1.000,0,0.880,1.040,2.75,0.840","2.280,3.470,2.630,1.010,0.25,0.790,0.920,2.75,0.780",,,"2.350,3.600,2.700,1.070,0.25,0.850,0.980,2.75,0.910","2.800,3.400,2.400,0.810,-0.25,1.110,1.020,2.75,0.870",,"2.510,3.200,2.700,1.000,0,0.880,1.040,2.75,0.840","2.510,3.060,2.610,0.900,0,0.980,1.030,2.75,0.830","2.470,3.500,2.560,0.890,0,1.020,1.050,2.75,0.840","2.850,3.350,2.400,0.970,0,0.850,0.780,2.5,1.050",,"2.530,3.500,2.500,0.960,0,0.960,1.040,2.75,0.860","2.390,3.490,2.990,1.060,0.25,0.820,1.020,2.75,0.850"
20200715,周二006,英冠,米尔沃尔,布莱克本,1-0,"2.100,3.400,3.400,0.870,0.25,1.030,0.980,2.25,0.880","2.120,3.300,3.250,0.860,0.25,1.020,0.980,2.25,0.880","2.200,3.200,3.250,0.890,0.25,0.970,0.920,2.25,0.900",,"2.070,3.200,3.600,0.900,0.25,0.980,0.920,2.25,0.960","2.080,3.220,3.170,0.850,0.25,0.950,0.900,2.25,0.800",,,"2.140,3.300,3.200,0.900,0.25,1.010,0.960,2.25,0.930","2.150,3.300,3.300,0.920,0.25,0.980,0.930,2.25,0.950",,"2.070,3.200,3.600,0.900,0.25,0.980,0.920,2.25,0.960","2.120,3.110,3.160,0.900,0.25,0.980,0.970,2.25,0.890","2.120,3.300,3.250,0.880,0.25,1.030,1.000,2.25,0.890","2.200,3.300,3.300,0.870,0.25,0.950,0.920,2.25,0.900",,"2.120,3.300,3.250,0.870,0.25,1.050,0.990,2.25,0.910","2.220,3.150,3.670,0.880,0.25,1.000,0.790,2.0,1.080"
20200715,周二004,英冠,卡迪夫城,德比郡,2-1,"2.200,3.400,3.200,0.910,0.25,0.990,0.980,2.5,0.880","2.070,3.500,3.200,0.820,0.25,1.060,0.980,2.5,0.880","2.000,3.450,3.450,0.810,0.25,1.050,0.940,2.5,0.880",,"2.090,3.300,3.450,0.820,0.25,1.060,0.940,2.5,0.940","2.130,3.230,3.030,0.910,0.25,0.890,0.940,2.5,0.760",,,"2.190,3.200,3.000,0.900,0.25,1.000,0.980,2.5,0.910","2.000,3.500,3.500,1.080,0.5,0.830,0.930,2.5,0.950",,"2.090,3.300,3.450,0.820,0.25,1.060,0.940,2.5,0.940","2.130,3.160,3.110,0.900,0.25,0.980,0.980,2.5,0.880","2.140,3.500,3.050,0.920,0.25,0.990,1.000,2.5,0.890","2.050,3.450,3.450,0.800,0.25,1.040,0.900,2.5,0.900",,"2.070,3.500,3.200,0.830,0.25,1.090,0.990,2.5,0.910","2.240,3.360,3.390,0.920,0.25,0.960,1.040,2.5,0.830"
20200715,,冰女超,史特贾纳女足,雷克查域克女足,2-3,"2.500,3.400,2.400,0.930,0.0,0.880,0.850,3.25,0.950",,"1.570,4.050,4.250,1.030,0,0.760,0.800,3.25,1.000",,"2.630,3.800,1.970,0.870,-0.25,0.830,0.850,3.5,0.850",,,,"2.800,4.200,1.830,1.000,-0.25,0.780,0.820,3.5,0.950","2.450,3.700,2.380,0.910,0,0.860,0.830,3.25,0.930",,"2.630,3.800,1.970,0.870,-0.25,0.830,0.850,3.5,0.850","2.330,3.400,2.130,0.830,-0.25,0.950,0.980,3.5,0.780",,"1.540,3.600,3.800,0.920,0,0.870,0.400,2.5,1.860",,,"2.440,3.920,2.470,0.880,0,0.910,0.790,3.25,0.990"
20200715,周二008,英超,切尔西,诺维奇,1-0,"1.180,7.500,12.000,0.990,2.0,0.910,0.900,3.25,1.000","1.190,7.400,13.500,0.880,2.0,1.000,0.850,3.25,1.010","1.180,6.950,12.750,0.970,2.0,0.890,0.860,3.25,0.960",,"1.170,7.000,12.000,1.000,2.0,0.900,0.900,3.25,1.000","1.120,7.100,13.000,0.900,2.25,0.960,0.960,3.5,0.840",,,"1.150,8.600,17.000,0.900,2.25,1.040,0.960,3.5,0.960","1.170,7.500,18.000,0.890,2.0,1.000,0.880,3.25,1.000",,"1.170,7.000,12.000,1.000,2.0,0.900,0.900,3.25,1.000","1.170,6.570,8.920,0.900,2.0,0.960,0.900,3.25,0.960","1.190,7.400,13.500,0.900,2.0,1.010,0.870,3.25,1.020","1.140,7.250,14.000,0.990,2.0,0.890,0.890,3.25,0.990",,"1.190,7.400,13.500,0.890,2.0,1.010,0.870,3.25,1.030","1.190,7.850,17.040,0.900,2.0,1.010,0.860,3.25,1.040"
20200715,,冰女超,图罗杜尔女足,塞尔福斯女足,0-0,"4.500,4.500,1.500,0.900,-1.25,0.900,0.720,3.0,1.070","4.900,4.100,1.330,0.800,-1.25,0.800,0.900,3.25,0.700","4.800,4.250,1.470,0.890,-1.25,0.890,1.000,3.25,0.790",,"5.500,4.200,1.370,0.850,-1.25,0.850,0.750,3.0,0.950",,,,".000,.000,.000,0.950,-1.25,0.820,0.980,3.25,0.800","6.000,4.500,1.400,0.890,-1.25,0.890,0.780,3.0,1.000",,"5.500,4.200,1.370,0.850,-1.25,0.850,0.950,3.25,0.750",,".000,.000,.000,0.920,-1.25,0.710,0.970,3.25,0.660","4.600,4.400,1.530,0.890,-1.0,0.890,0.500,2.5,1.520",,"4.900,4.100,1.330,0.800,-1.25,0.800,0.900,3.25,0.700",
20200715,周二009,意甲,亚特兰大,布雷西亚,6-2,"1.160,7.000,10.500,0.770,2.0,1.140,0.890,3.5,1.010","1.190,7.500,13.000,0.850,2.0,1.030,0.960,3.5,0.900","1.160,7.250,14.500,0.870,2.0,1.030,0.940,3.5,0.920",,"1.170,7.800,10.000,0.900,2.0,1.000,0.840,3.25,1.060","1.110,7.800,13.000,0.940,2.25,0.920,0.910,3.75,0.890",,,"1.150,6.800,16.000,0.880,2.25,1.050,0.880,3.75,1.020","1.140,7.000,19.000,0.860,2.0,1.030,0.950,3.5,0.910",,"1.170,7.800,10.000,0.900,2.0,1.000,0.840,3.25,1.060","1.160,6.180,15.880,1.010,2.25,0.880,0.930,3.5,0.930","1.180,7.900,13.500,0.870,2.0,1.040,0.940,2.5,0.950","1.100,7.250,15.000,0.860,2.0,0.960,0.780,3.25,1.060",,"1.190,7.500,13.000,0.860,2.0,1.040,0.970,2.5,0.930","1.180,7.840,16.620,0.840,2.0,1.060,0.950,3.5,0.930"
20200715,周二010,葡超,吉维森特,唐迪拉,3-2,"2.100,3.400,3.100,0.960,0.25,0.940,0.980,2.25,0.880","2.240,3.250,3.050,0.980,0.25,0.900,0.960,2.25,0.900","2.150,3.150,3.250,0.900,0.25,0.920,1.170,2.5,0.670",,"2.180,3.150,3.350,0.930,0.25,0.950,1.210,2.5,0.700","2.280,3.080,2.930,1.020,0.25,0.780,0.980,2.25,0.720",,,"2.330,3.200,3.000,1.090,0.25,0.840,1.060,2.25,0.850","2.150,3.250,3.400,0.930,0.25,0.960,0.980,2.25,0.880",,"2.180,3.150,3.350,0.930,0.25,0.950,1.210,2.5,0.700","2.270,3.110,2.890,0.970,0.25,0.910,0.950,2.25,0.910","2.240,3.250,3.050,1.000,0.25,0.910,0.980,2.25,0.910","2.200,3.250,3.300,0.890,0.25,0.910,1.190,2.5,0.680",,"2.240,3.250,3.050,0.990,0.25,0.930,0.970,2.25,0.930","2.260,3.300,3.400,0.930,0.25,0.950,0.920,2.25,0.940"
20200715,周二011,葡超,本菲卡,吉马良斯,2-0,"1.610,4.000,5.000,0.850,0.75,1.050,0.850,2.5,1.000","1.620,3.900,4.850,1.070,1.0,0.810,0.880,2.5,0.980","1.550,4.000,5.600,1.060,1.0,0.810,0.870,2.5,0.960",,"1.650,3.750,4.800,1.030,1.0,0.850,0.930,2.5,0.950","1.600,3.750,4.650,0.800,0.75,1.000,0.770,2.5,0.930",,,"1.640,3.800,4.800,0.860,0.75,1.070,1.120,2.75,0.810","1.530,4.000,6.000,1.020,1.0,0.880,0.850,2.5,1.000",,"1.650,3.750,4.800,1.030,1.0,0.850,0.930,2.5,0.950","1.590,3.740,4.840,1.080,1.0,0.800,0.880,2.5,0.980","1.620,3.900,4.850,1.090,1.0,0.820,0.900,2.5,0.990","1.510,4.200,6.250,0.980,1.0,0.850,0.860,2.5,0.970",,"1.620,3.900,4.850,1.080,1.0,0.840,0.890,2.5,1.010","1.540,4.300,6.270,0.980,1.0,0.900,0.830,2.5,1.030"
20200715,,球会友谊,帕丘卡,圣路易斯,1-0,"2.400,3.400,2.500,0.850,0.0,0.950,0.950,2.5,0.850","2.380,3.350,2.500,0.900,0,0.920,0.900,2.5,0.900","2.500,3.250,2.550,0.910,0,0.910,0.860,2.5,0.910",,"2.430,3.100,2.590,0.860,0,0.980,0.940,2.5,0.880",,,,"2.400,3.400,2.500,0.850,0,0.850,0.830,2.5,0.870","2.500,3.250,2.550,0.870,0,0.940,0.870,2.5,0.870",,"2.430,3.100,2.590,0.860,0,0.980,0.940,2.5,0.880","2.370,3.020,2.530,0.840,0,0.960,0.950,2.5,0.830","2.370,3.350,2.510,0.870,0,0.980,0.970,2.5,0.860","2.400,3.400,2.500,0.850,0,0.950,0.880,2.5,0.880",,"2.370,3.350,2.510,0.860,0,0.980,0.960,2.5,0.860",
20200715,,美职业,纽约城,奥兰多城,1-3,"1.850,3.750,4.000,0.900,0.5,0.900,0.820,2.75,0.980","1.920,3.850,3.750,1.280,0.75,0.660,0.830,2.75,1.030","1.760,3.400,3.450,0.840,0.5,0.860,0.820,2.75,0.880",,"1.970,3.450,3.550,0.970,0.5,0.950,1.160,3.0,0.760","1.830,3.520,3.650,0.880,0.5,0.920,0.800,2.75,0.900",,,"1.880,3.500,3.400,0.920,0.5,1.000,0.930,2.75,0.970","1.910,3.750,3.500,0.990,0.5,0.910,0.830,2.75,1.020",,"1.970,3.450,3.550,0.970,0.5,0.950,1.160,3.0,0.760","1.950,3.500,3.260,0.980,0.5,0.900,1.140,3.0,0.730","1.920,3.850,3.750,1.300,0.75,0.670,0.850,2.75,1.040","1.800,3.800,4.100,0.840,0.5,0.960,0.800,2.75,1.010",,"1.870,3.850,3.900,1.170,0.75,0.770,0.840,2.75,1.060","1.880,3.760,3.870,0.850,0.5,0.940,0.850,2.75,0.920"
20200715,,美超,绿点枪手FC,休斯敦,1-7,"7.000,6.000,1.250,1.000,-1.5,0.800,0.900,3.5,0.900",,,,,,,,,,,,,,,,,
20200715,,球会友谊,莱昂,华雷斯,4-0,"1.600,3.800,4.330,0.850,0.75,0.950,0.850,2.75,0.950","1.620,3.850,4.100,0.860,0.75,0.960,0.850,2.75,0.950","1.600,3.800,4.650,1.010,1.0,0.810,0.890,2.75,0.890",,"1.630,3.650,4.300,0.820,0.75,1.020,0.910,2.75,0.910",,,,"1.530,4.000,4.800,0.800,0.75,0.910,0.760,2.75,0.950","1.700,3.750,4.100,0.860,0.75,0.950,0.800,2.75,0.910",,"1.630,3.650,4.300,0.820,0.75,1.020,0.910,2.75,0.910","1.590,3.590,4.260,0.820,0.75,0.980,0.880,2.75,0.900","1.620,3.850,4.100,0.880,0.75,0.970,0.870,2.75,0.960","1.620,3.800,4.200,0.820,0.75,0.990,0.870,2.75,0.930",,"1.620,3.850,4.100,0.870,0.75,0.970,0.860,2.75,0.960",
20200715,,美职业,费城联合,迈阿密国际,2-1,"2.250,3.600,2.870,1.020,0.25,0.780,0.880,2.75,0.920","2.350,3.600,2.900,1.050,0.25,0.830,0.860,2.75,1.000","2.100,3.250,2.700,0.930,0.25,0.770,0.800,2.75,0.900",,"2.250,3.600,2.780,1.030,0.25,0.850,1.130,3.0,0.760","2.250,3.520,2.650,1.010,0.25,0.790,0.780,2.75,0.920",,,"2.360,3.700,2.800,0.800,0,1.150,0.920,2.75,0.980","2.380,3.500,2.800,1.100,0.25,0.820,0.900,2.75,0.950",,"2.250,3.600,2.780,1.030,0.25,0.850,1.130,3.0,0.760","2.320,3.260,2.690,1.080,0.25,0.800,1.140,3.0,0.730","2.350,3.600,2.900,1.070,0.25,0.840,0.880,2.75,1.010","2.300,3.600,2.900,0.990,0.25,0.820,1.100,3.0,0.740",,"2.350,3.600,2.900,1.060,0.25,0.860,0.870,2.75,1.030","2.290,3.580,2.920,0.980,0.25,0.820,0.830,2.75,0.940"
20200715,,日职丙,岩手盛冈仙鹤,藤枝MYFC,1-3,"3.750,3.750,1.730,0.970,-0.75,0.820,0.800,2.5,1.000","3.900,3.650,1.700,0.850,-0.75,0.910,0.780,2.5,0.980","4.400,3.600,1.680,1.000,-0.75,0.840,0.800,2.5,1.000",,"4.600,3.450,1.630,1.000,-0.75,0.840,0.810,2.5,1.010","3.780,3.450,1.610,0.860,-0.75,0.840,0.900,2.75,0.700",,,"4.100,3.200,1.840,0.880,-0.75,0.990,0.850,2.5,1.000","4.100,3.600,1.670,0.850,-0.75,0.920,0.980,2.75,0.780",,"4.600,3.450,1.630,1.000,-0.75,0.840,0.810,2.5,1.010","4.260,3.300,1.640,0.930,-0.75,0.870,0.800,2.5,0.980","4.350,3.800,1.590,0.980,-0.75,0.810,0.800,2.5,0.990","3.900,3.900,1.750,0.850,-0.75,0.910,0.750,2.5,0.950",,"3.900,3.650,1.700,0.850,-0.75,0.910,0.780,2.5,0.980","4.210,3.750,1.800,0.800,-0.75,1.030,0.800,2.5,1.010"
20200715,,斐济联,劳托卡,芭,1-2,"4.330,4.000,1.570,1.000,-0.75,0.800,0.920,2.75,0.880",,"2.850,3.550,2.100,0.860,-0.25,0.870,0.910,2.75,0.830",,,,,,"2.900,3.600,1.930,0.920,-0.25,0.790,0.810,2.75,0.900","4.600,3.700,1.570,0.990,-0.75,0.790,0.870,2.75,0.830",,,,,"4.500,4.300,1.600,1.000,-0.75,0.800,0.680,2.5,1.050",,,
20200715,,日职丙,沼津青蓝,SC相模原,0-0,"2.100,3.400,2.900,0.930,0.25,0.880,0.930,2.25,0.880","2.270,3.200,2.740,1.010,0.25,0.750,0.910,2.25,0.850","2.200,3.150,3.050,0.930,0.25,0.890,0.900,2.25,0.870",,"2.120,3.000,3.250,0.940,0.25,0.900,0.930,2.25,0.890","2.180,3.030,2.570,1.000,0.25,0.700,0.820,2.25,0.780",,,"2.380,3.000,2.900,1.100,0.25,0.780,1.000,2.25,0.850","2.150,3.000,3.100,0.900,0.25,0.870,0.910,2.25,0.850",,"2.120,3.000,3.250,0.940,0.25,0.900,0.930,2.25,0.890","2.180,3.060,2.760,0.920,0.25,0.880,0.950,2.25,0.830","2.340,3.150,2.650,1.120,0.25,0.680,0.930,2.25,0.860","2.150,3.500,2.950,1.010,0.25,0.790,0.670,2.0,1.070",,"2.270,3.200,2.740,1.010,0.25,0.750,0.910,2.25,0.850","2.600,3.280,2.710,0.870,0,0.960,0.920,2.25,0.900"
20200715,,球会友谊,乌里扬诺夫斯克伏尔加,拉达,1-2,,,,,,,,,,,,,,,,,,
20200715,,柬杯,暹粒,猎物文岛,0-2,"2.500,3.750,2.250,0.800,-0.25,1.000,0.800,3.0,1.000",,,,,,,,"2.500,3.800,2.100,0.820,-0.25,0.960,0.770,3.0,1.020","2.630,3.500,2.200,0.790,-0.25,0.990,0.780,3.0,0.980",,,,,"2.600,3.900,2.300,0.800,-0.25,1.000,0.750,3.0,0.950",,,
20200715,,柬杯,特邦库姆,白马,2-1,"2.000,3.600,3.000,1.050,0.5,0.750,0.800,3.25,1.000",,"1.950,3.650,2.900,0.810,0.25,0.930,1.010,3.5,0.740",,,,,,"2.000,3.600,2.800,1.070,0.5,0.730,0.770,3.25,1.020","2.000,3.700,2.880,0.830,0.25,0.950,0.980,3.5,0.800",,,,,"2.050,3.700,3.100,1.050,0.5,0.750,1.000,3.5,0.720",,,
20200715,,球会友谊,MTK匈格利亚,克鲁勒,5-1,"1.280,6.000,6.000,0.900,1.75,0.900,0.850,3.5,0.950",,"1.080,8.250,17.000,0.900,2.5,0.900,0.890,4.0,0.880",,".000,.000,.000,0.860,2.75,0.920,0.930,4.25,0.850",,,,"1.140,8.500,10.000,0.950,2.5,0.760,0.710,3.75,1.020","1.250,5.500,8.000,0.930,2.0,0.880,0.930,3.75,0.800",,".000,.000,.000,0.860,2.75,0.920,0.930,4.25,0.850",,,"1.290,6.000,6.000,0.850,1.75,0.880,0.500,2.5,1.500",,,"1.220,5.660,8.180,0.850,1.75,0.880,0.810,3.5,0.920"
20200715,,球会友谊,查邦历U19,利巴域U19,1-6,,,,,,,,,,,,,,,,,,
20200715,,球会友谊,VAC杜纳肯亚,布达尔斯,0-2,"3.800,4.750,1.570,0.850,-1.0,0.950,1.000,3.0,0.800",,"4.150,4.200,1.620,1.000,-0.75,0.820,0.970,3.0,0.810",,"4.500,3.950,1.550,0.770,-1.0,1.010,0.830,3.0,0.950",,,,"4.200,4.800,1.500,1.000,-0.75,0.720,0.850,3.0,0.850","3.500,3.700,1.830,0.940,-0.5,0.880,0.910,3.0,0.830",,"4.600,3.900,1.550,0.800,-1.0,0.980,0.930,3.0,0.850",".000,.000,.000,0.980,-0.75,0.740,0.690,2.75,1.030",,"3.000,4.500,1.800,0.850,-0.75,0.870,0.590,2.5,1.290",,,"3.810,4.050,1.680,0.850,-0.75,0.870,0.950,3.0,0.760"
20200715,,球会友谊,FC LK莫斯科,列宁格勒达,1-4,,,,,,,,,,,,,,,,,,
20200715,,球会友谊,特纳瓦斯巴达U19,奥林莫斯U19,4-4,"5.000,5.000,1.500,1.025,-1.0,0.775,0.800,3.25,1.000",,,,,,,,,,,,,,,,,
20200715,,球会友谊,奥斯泰华B队,乌尼邱夫,4-2,"2.800,3.750,2.050,0.930,-0.25,0.880,0.850,3.5,0.950","2.710,4.250,1.830,0.870,-0.5,0.830,0.830,4.5,0.870","2.700,4.100,2.050,0.930,-0.25,0.890,0.870,4.0,0.900",,"2.680,4.000,1.900,0.860,-0.5,0.900,0.860,4.5,0.900",,,,"3.400,3.800,1.910,0.870,-0.5,0.830,0.780,4.5,0.920","2.800,3.800,2.100,0.930,-0.25,0.880,0.800,3.5,0.910",,"2.680,4.000,1.900,0.860,-0.5,0.900,0.860,4.5,0.900",".000,.000,.000,0.810,-0.5,0.910,0.920,4.5,0.800","2.710,4.250,1.830,0.890,-0.5,0.840,0.850,4.5,0.880","2.850,3.900,2.100,0.860,-0.25,0.830,0.620,3.5,1.150",,"2.710,4.250,1.830,0.770,-0.5,0.930,0.740,4.5,0.960","2.750,3.840,2.050,0.860,-0.25,0.830,0.790,3.5,0.890"
20200715,,越女杯,山罗女足,丰富府里女足,2-6,"15.000,13.000,1.050,0.900,-3.5,0.900,0.900,4.5,0.900",,,,".000,.000,.000,1.090,-4.5,0.610,0.680,5.25,1.020",,,,,,,".000,.000,.000,1.090,-4.5,0.610,0.680,5.25,1.020",,,"23.000,15.000,1.020,0.890,-5.0,0.890,0.940,5.5,0.840",,,
20200715,,越女杯,陶翰KSN女足,TNG太原女足,2-0,"1.250,6.000,7.000,0.800,1.5,1.000,0.900,3.5,0.900","1.190,4.950,6.400,0.800,1.75,0.800,0.800,3.5,0.800","1.180,5.750,9.500,0.830,1.75,0.960,0.960,3.5,0.830",,"1.150,6.500,7.900,0.830,1.75,0.870,0.710,3.5,0.990",,,,,,,"1.150,6.500,7.900,0.850,1.75,0.850,0.850,3.5,0.850",,"1.190,4.950,6.400,0.820,1.75,0.810,0.820,3.5,0.810","1.190,5.000,6.500,0.800,1.75,0.800,0.800,3.5,0.800",,"1.190,4.950,6.400,0.800,1.75,0.800,0.800,3.5,0.800",
20200715,,澳黄超,布罗德海滩联合,南港勇士,7-0,"7.000,7.000,1.250,0.825,-1.75,0.975,0.975,3.5,0.825",,,,,,,,,,,,,,,,,
20200715,,日职丙,富山胜利,秋田蓝闪电,0-1,"2.050,3.400,3.000,0.880,0.25,0.920,1.020,2.5,0.780","2.080,3.300,2.980,0.850,0.25,0.910,1.000,2.5,0.760","2.200,3.200,3.050,0.880,0.25,0.940,1.010,2.5,0.780",,"2.060,3.050,3.350,0.890,0.25,0.950,1.030,2.5,0.790",,,,"2.150,3.100,3.200,0.930,0.25,0.930,1.060,2.5,0.800","2.100,3.130,3.100,0.860,0.25,0.920,0.780,2.25,1.000",,"2.060,3.050,3.350,0.810,0.25,1.030,1.030,2.5,0.790","2.100,3.110,2.830,0.870,0.25,0.930,1.000,2.5,0.780","2.320,3.300,2.610,1.080,0.25,0.710,1.020,2.5,0.770","2.150,3.500,2.950,0.850,0.25,0.910,1.020,2.5,0.700",,"2.080,3.300,2.980,0.850,0.25,0.910,1.000,2.5,0.760","2.450,3.340,2.850,0.770,0,1.060,1.030,2.5,0.790"
20200715,,日职丙,大阪樱花U23,FC岐阜,2-0,"2.400,3.400,2.500,0.900,0.0,0.900,0.950,2.5,0.850","2.510,3.350,2.370,0.940,0,0.820,0.910,2.5,0.850","2.600,3.250,2.450,0.880,0,0.940,0.920,2.5,0.860",,"2.470,3.100,2.550,0.890,0,0.950,0.940,2.5,0.880",,,,"2.700,3.100,2.450,1.110,0,0.780,1.000,2.5,0.850","2.550,3.130,2.450,0.940,0,0.840,0.930,2.5,0.830",,"2.470,3.100,2.550,0.890,0,0.950,0.940,2.5,0.880","2.450,3.020,2.450,0.980,0,0.820,0.950,2.5,0.830","2.700,3.350,2.210,1.020,0,0.770,0.930,2.5,0.860","2.700,3.500,2.300,0.940,0,0.820,0.900,2.5,0.800",,"2.510,3.350,2.370,0.940,0,0.820,0.910,2.5,0.850","3.590,3.570,2.010,0.830,-0.5,1.000,0.910,2.5,0.910"
20200715,,日职丙,鹿儿岛联,鸟取飞翔,1-2,"1.910,3.600,3.200,0.720,0.25,1.080,1.000,2.75,0.800","2.030,3.450,2.960,0.800,0.25,0.960,0.980,2.75,0.780","2.000,3.450,3.300,0.750,0.25,1.090,1.000,2.75,0.800",,"1.900,3.250,3.600,0.750,0.25,1.090,1.010,2.75,0.810",,,,"2.100,3.100,3.300,1.150,0.5,0.750,0.810,2.5,1.050","1.950,3.400,3.200,1.010,0.5,0.780,0.980,2.75,0.780",,"1.900,3.250,3.600,0.750,0.25,1.090,1.010,2.75,0.810","1.990,3.210,3.020,1.020,0.5,0.780,0.750,2.5,1.030","2.030,3.450,2.960,0.820,0.25,0.970,1.000,2.75,0.790","1.950,3.800,3.300,0.800,0.25,0.960,0.750,2.5,0.950",,"2.030,3.450,2.960,0.800,0.25,0.960,0.980,2.75,0.780","2.100,3.570,3.320,0.820,0.25,1.010,0.990,2.75,0.820"
20200715,,日职丙,长野帕塞罗,福岛联,2-1,"1.910,3.600,3.200,0.750,0.25,1.050,0.980,2.25,0.820","2.050,3.150,3.150,0.800,0.25,0.960,0.960,2.25,0.800","2.000,3.200,3.450,0.750,0.25,1.090,0.970,2.25,0.810",,"1.920,3.050,3.800,0.750,0.25,1.090,0.990,2.25,0.830",,,,"2.020,3.100,3.500,0.800,0.25,1.090,1.000,2.25,0.850","2.050,3.130,3.250,1.000,0.5,0.790,0.950,2.25,0.800",,"1.920,3.050,3.800,0.750,0.25,1.090,0.990,2.25,0.830","2.010,3.060,3.110,0.770,0.25,1.030,0.950,2.25,0.830","2.010,3.250,3.200,0.770,0.25,1.020,0.880,2.25,0.910","1.950,3.800,3.300,0.800,0.25,0.960,1.050,2.5,0.680",,"2.050,3.150,3.150,0.800,0.25,0.960,0.960,2.25,0.800","2.050,3.290,3.740,1.040,0.5,0.790,0.950,2.25,0.850"
20200715,,日职丙,熊本深红,大阪钢巴U23,1-0,"1.660,3.800,4.000,0.950,0.75,0.850,0.880,2.75,0.920","1.630,3.850,4.100,0.850,0.75,0.910,0.850,2.75,0.910","1.740,3.700,3.900,0.960,0.75,0.860,0.860,2.75,0.920",,"1.720,3.450,4.000,0.890,0.75,0.950,0.880,2.75,0.940",,,,"1.720,3.400,4.500,0.770,0.5,1.130,0.900,2.75,0.950","1.620,3.700,4.330,0.850,0.75,0.920,0.850,2.75,0.910",,"1.720,3.450,4.000,0.890,0.75,0.950,0.880,2.75,0.940","1.760,3.260,3.690,0.780,0.5,1.020,0.850,2.75,0.930","1.600,3.900,4.250,0.820,0.75,0.970,0.870,2.75,0.920","1.830,3.800,3.600,0.770,0.5,0.990,0.620,2.5,1.150",,"1.770,3.650,3.550,0.770,0.5,0.990,0.850,2.75,0.910","1.620,4.080,4.990,0.800,0.75,1.030,0.870,2.75,0.940"
20200715,,日职丙,横滨体育,万劳雷八户,1-2,"2.620,3.500,2.250,0.900,0.0,0.900,0.930,2.75,0.880","2.540,3.500,2.270,0.990,0,0.770,0.910,2.75,0.850","2.600,3.400,2.400,0.920,0,0.900,0.920,2.75,0.860",,"2.490,3.200,2.460,0.930,0,0.910,0.940,2.75,0.880",,,,"2.310,3.100,2.900,0.820,0,1.060,1.000,2.75,0.850","2.450,3.300,2.450,0.890,0,0.890,0.910,2.75,0.850",,"2.490,3.200,2.460,0.930,0,0.910,0.940,2.75,0.880","2.460,3.060,2.390,0.930,0,0.870,0.950,2.75,0.830","2.330,3.500,2.470,0.770,0,1.020,0.930,2.75,0.860","2.700,3.700,2.250,1.000,0,0.780,0.630,2.5,1.150",,"2.540,3.500,2.270,0.990,0,0.770,0.910,2.75,0.850","2.470,3.500,2.720,0.820,0,1.010,0.960,2.75,0.850"
20200715,,日职丙,赞岐釜玉海,FC今治,0-3,"2.250,3.250,2.800,0.700,0,1.100,0.920,2.25,0.880","2.340,3.150,2.650,0.760,0,1.000,0.910,2.25,0.850","2.300,3.150,2.900,0.690,0,1.180,0.920,2.25,0.860",,"2.250,3.000,2.920,0.720,0,1.130,0.940,2.25,0.880",,,,"2.230,3.000,3.100,0.740,0,1.170,0.950,2.25,0.900","2.300,3.100,2.750,1.020,0.25,0.770,0.910,2.25,0.850",,"2.250,3.000,2.920,0.720,0,1.130,0.940,2.25,0.880","2.230,3.020,2.700,0.720,0,1.080,0.900,2.25,0.880","2.270,3.200,2.740,0.730,0,1.060,0.930,2.25,0.860","2.300,3.400,2.800,0.760,0,1.000,1.050,2.5,0.680",,"2.340,3.150,2.650,0.760,0,1.000,0.910,2.25,0.850","2.450,3.200,2.970,1.090,0.25,0.750,0.910,2.25,0.910"
20200715,,波兰丙,莱吉奥诺维亚,斯塔加德什切青,0-1,"3.600,3.600,1.800,0.950,-0.5,0.850,0.900,2.75,0.900","3.700,3.650,1.740,0.870,-0.75,0.950,0.860,2.75,0.940",,,"3.900,3.550,1.720,0.920,-0.75,0.920,0.870,2.75,0.950",,,,"3.700,3.600,1.740,0.860,-0.75,0.990,0.890,2.75,0.950","3.600,3.500,1.800,0.930,-0.5,0.810,0.870,2.75,0.900",,"3.900,3.550,1.720,0.920,-0.75,0.920,0.870,2.75,0.950","3.690,3.450,1.710,0.840,-0.75,0.960,0.850,2.75,0.930","3.700,3.650,1.740,0.890,-0.75,0.960,0.880,2.75,0.950","3.600,3.600,1.800,0.940,-0.5,0.840,0.700,2.5,1.100",,"3.700,3.650,1.740,0.880,-0.75,0.960,0.870,2.75,0.950","3.380,3.340,2.100,0.980,-0.25,0.810,0.940,2.75,0.840"
20200715,周三016,韩足总,大田市民,首尔FC,1-1,"3.100,3.400,2.100,0.700,-0.5,1.100,0.800,2.5,1.000","2.880,3.500,2.130,0.800,-0.5,1.020,0.800,2.5,1.000","2.950,3.500,2.250,0.880,-0.25,0.990,0.810,2.5,1.010",,"2.750,3.400,2.280,0.800,-0.25,1.110,0.860,2.5,1.020","2.870,3.480,2.130,0.540,-0.5,1.160,0.700,2.5,0.900",,,"2.600,3.100,2.380,0.790,-0.25,0.990,0.800,2.5,0.980","2.750,3.300,2.380,0.790,-0.25,1.100,0.830,2.5,1.020",,"2.750,3.400,2.280,0.800,-0.25,1.110,0.860,2.5,1.020","2.600,3.060,2.380,0.780,-0.25,1.080,0.850,2.5,0.990","2.880,3.500,2.130,0.770,-0.5,1.080,0.820,2.5,1.010","2.900,3.500,2.150,0.780,-0.5,0.990,0.790,2.5,0.980",,"2.880,3.500,2.130,0.810,-0.5,1.030,0.810,2.5,1.010","2.810,3.240,2.390,1.040,0,0.730,0.820,2.5,0.940"
20200715,周三014,韩足总,尚州尚武,浦项制铁,2-2,"2.700,3.300,2.400,1.150,0,0.680,0.950,2.5,0.850","2.760,3.400,2.250,0.800,-0.25,1.020,0.950,2.5,0.850","2.950,3.300,2.300,1.200,0,0.710,0.950,2.5,0.870",,"2.900,3.200,2.260,1.200,0,0.710,0.980,2.5,0.900","3.150,3.200,2.100,0.840,-0.25,0.860,0.860,2.5,0.740",,,"2.800,3.200,2.200,0.910,-0.25,0.860,0.930,2.5,0.850","2.900,3.250,2.300,0.860,-0.25,1.010,1.000,2.5,0.880",,"2.900,3.200,2.260,1.200,0,0.710,0.980,2.5,0.900","2.790,3.110,2.220,1.160,0,0.660,0.920,2.5,0.860","2.760,3.400,2.250,0.820,-0.25,1.030,0.970,2.5,0.860","2.900,3.200,2.250,1.150,0,0.670,0.920,2.5,0.840",,"2.760,3.400,2.250,0.810,-0.25,1.030,0.960,2.5,0.860","3.180,3.160,2.210,0.860,-0.25,0.910,0.940,2.5,0.820"
20200715,周三012,韩足总,大邱FC,城南足球俱乐部,1-1,"1.720,3.750,4.000,0.800,0.5,1.000,0.900,2.75,0.900","1.820,3.550,3.700,0.820,0.5,1.000,0.950,2.75,0.850","1.800,3.750,4.000,0.830,0.5,1.040,0.710,2.5,1.150",,"1.850,3.400,3.750,0.830,0.5,1.050,0.930,2.5,0.950","1.740,3.600,3.950,0.760,0.5,0.940,0.920,2.75,0.680",,,"1.820,3.200,3.900,0.850,0.5,0.930,0.910,2.5,0.860","1.800,3.500,4.000,0.860,0.5,1.010,0.910,2.5,0.950",,"1.850,3.400,3.750,0.830,0.5,1.050,0.930,2.5,0.950","1.820,3.300,3.640,0.780,0.5,1.020,0.870,2.75,0.910","1.820,3.550,3.700,0.840,0.5,1.010,1.120,2.75,0.720","1.850,3.400,3.800,0.780,0.5,0.990,0.870,2.5,0.890",,"1.820,3.550,3.700,0.830,0.5,1.010,0.960,2.75,0.860","1.750,3.480,4.420,1.000,0.75,0.760,0.930,2.5,0.830"
20200715,,韩足总,全北现代,全南天龙,1-1,"1.300,4.750,8.500,1.000,1.5,0.800,0.850,2.75,0.950","1.330,4.800,7.200,1.020,1.5,0.800,0.850,2.75,0.950","1.330,4.850,8.250,0.980,1.5,0.880,0.860,2.75,0.970",,"1.310,4.800,7.800,1.060,1.5,0.840,0.880,2.75,1.000","1.280,4.500,5.800,0.960,1.5,0.740,0.750,2.75,0.850",,,"1.330,4.600,6.800,1.050,1.5,0.750,0.820,2.75,0.960","1.290,4.800,9.500,1.010,1.5,0.860,0.870,2.75,1.000",,"1.310,4.800,7.800,1.060,1.5,0.840,0.880,2.75,1.000","1.330,4.550,6.760,1.030,1.5,0.830,0.870,2.75,0.970","1.330,4.800,7.200,1.040,1.5,0.810,0.870,2.75,0.960","1.330,4.800,7.250,0.990,1.5,0.780,0.830,2.75,0.930",,"1.330,4.800,7.200,1.030,1.5,0.810,0.860,2.75,0.960","1.250,5.120,9.620,0.930,1.5,0.830,0.800,2.75,0.960"
20200715,周三013,韩足总,光州FC,江原FC,2-4,"2.900,3.300,2.250,0.820,-0.25,0.980,1.080,2.5,0.720","2.850,3.400,2.200,0.850,-0.25,0.970,0.800,2.25,1.000","3.050,3.250,2.250,0.890,-0.25,0.970,1.060,2.5,0.780",,"3.050,3.250,2.170,0.900,-0.25,0.980,1.080,2.5,0.800","3.000,3.250,2.150,0.780,-0.25,0.920,0.700,2.25,0.900",,,"2.900,3.200,2.130,0.980,-0.25,0.800,1.050,2.5,0.750","3.000,3.250,2.250,0.850,-0.25,1.020,0.850,2.25,1.020",,"3.050,3.250,2.170,0.900,-0.25,0.980,1.080,2.5,0.800","2.710,3.160,2.260,0.860,-0.25,0.940,1.020,2.5,0.760","2.850,3.400,2.200,0.870,-0.25,0.980,0.750,2.25,1.080","3.050,3.250,2.150,0.840,-0.25,0.920,1.030,2.5,0.750",,"2.850,3.400,2.200,0.860,-0.25,0.980,0.810,2.25,1.010","3.300,3.100,2.190,0.890,-0.25,0.880,0.770,2.25,0.990"
20200715,周三017,韩足总,济州联队,水原三星,0-0,"2.900,3.400,2.200,0.850,-0.25,0.950,1.000,2.5,0.800","2.860,3.400,2.200,0.850,-0.25,0.970,1.000,2.5,0.800","3.000,3.350,2.250,0.890,-0.25,0.980,1.030,2.5,0.800",,"2.970,3.300,2.180,0.850,-0.25,1.050,0.990,2.25,0.890","2.830,3.380,2.180,0.790,-0.25,0.910,0.950,2.5,0.650",,,"2.800,3.000,2.320,0.870,-0.25,0.900,0.930,2.25,0.850","2.900,3.100,2.380,0.800,-0.25,1.090,1.000,2.25,0.880",,"2.970,3.300,2.180,0.890,-0.25,1.010,1.000,2.25,0.880","2.680,2.920,2.420,0.780,-0.25,1.080,0.980,2.25,0.860","2.860,3.400,2.200,0.870,-0.25,0.980,1.020,2.5,0.810","2.900,3.400,2.200,0.820,-0.25,0.960,0.990,2.5,0.790",,"2.860,3.400,2.200,0.860,-0.25,0.980,1.010,2.5,0.810","3.220,2.960,2.300,0.810,-0.25,0.950,0.950,2.25,0.810"
20200715,周三001,日职乙,福冈黄蜂,磐田喜悦,1-0,"3.250,3.750,2.050,1.000,-0.25,0.850,1.000,2.25,0.850","3.300,3.300,2.120,1.030,-0.25,0.850,1.000,2.25,0.860","3.600,3.100,2.100,1.130,0,0.800,1.020,2.25,0.840",,"3.300,3.000,2.070,1.110,0,0.780,1.030,2.25,0.850","3.330,3.180,2.030,0.980,-0.25,0.820,0.970,2.25,0.730",,,"3.400,3.200,2.080,0.800,-0.5,1.120,1.040,2.25,0.860","3.500,3.100,2.150,1.020,-0.25,0.860,1.020,2.25,0.830",,"3.300,3.000,2.070,1.110,0,0.780,1.030,2.25,0.850","3.260,3.060,2.110,1.020,-0.25,0.860,1.030,2.25,0.830","3.450,3.300,2.060,1.080,-0.25,0.830,1.020,2.25,0.870","3.150,3.000,2.300,1.070,0,0.740,0.980,2.25,0.810",,"3.300,3.300,2.120,1.040,-0.25,0.860,1.010,2.25,0.870","3.260,3.110,2.400,0.810,-0.25,1.010,1.000,2.25,0.810"
20200715,周三011,日职乙,金泽萨维根,千叶市原,0-2,"2.400,3.200,3.000,1.100,0.25,0.780,1.000,2.5,0.850","2.360,3.450,2.740,1.090,0.25,0.790,1.030,2.5,0.830","2.400,3.250,2.850,1.100,0.5,0.810,0.980,2.5,0.890",,"2.470,3.200,2.760,1.080,0.5,0.800,0.980,2.5,0.900","2.300,3.370,2.670,1.050,0.25,0.750,0.950,2.5,0.750",,,"2.360,3.400,2.700,0.810,0,1.110,1.020,2.5,0.880","2.000,3.400,3.600,0.800,0,1.080,1.020,2.5,0.830",,"2.380,3.200,2.580,1.080,0.5,0.800,0.980,2.5,0.900","2.410,3.110,2.680,1.130,0.25,0.760,1.030,2.5,0.830","2.360,3.450,2.740,1.120,0.25,0.800,1.050,2.5,0.840","2.400,3.250,2.750,1.120,0.5,0.700,0.960,2.5,0.830",,"2.360,3.450,2.740,1.110,0.25,0.800,1.040,2.5,0.840","2.500,3.370,2.860,0.780,0,1.050,0.990,2.5,0.820"
20200715,周三005,日职乙,北九州向日葵,京都不死鸟,0-0,"3.500,3.300,2.100,0.980,-0.25,0.880,1.000,2.25,0.850","3.350,3.350,2.080,1.060,-0.25,0.820,0.950,2.25,0.910","3.900,3.050,2.050,0.850,-0.25,1.060,1.140,2.25,0.750",,"3.150,3.100,2.080,0.830,-0.25,1.050,1.140,2.25,0.750","3.130,3.180,2.120,0.980,-0.25,0.820,0.950,2.25,0.750",,,"3.200,3.200,2.170,1.000,-0.25,0.900,1.020,2.25,0.880","3.800,3.100,2.050,1.100,-0.25,0.800,0.780,2.0,1.080",,"3.150,3.100,2.080,0.830,-0.25,1.050,1.140,2.25,0.750","3.300,3.060,2.090,1.000,-0.25,0.880,1.060,2.25,0.800","3.350,3.350,2.080,1.080,-0.25,0.830,0.970,2.25,0.920","3.600,2.950,2.100,0.790,-0.25,1.000,1.100,2.25,0.720",,"3.350,3.350,2.080,1.070,-0.25,0.830,0.960,2.25,0.920","3.620,3.090,2.240,0.940,-0.25,0.880,0.960,2.25,0.850"
20200715,周三003,日职乙,町田泽维亚,新泻天鹅,3-3,"3.000,3.000,2.500,1.020,0,0.820,0.920,2.25,0.920","2.710,3.300,2.450,1.040,0,0.840,0.950,2.25,0.910","2.800,2.950,2.600,0.970,-0.25,0.940,0.890,2.25,0.980",,"2.660,3.200,2.330,0.950,-0.25,0.930,0.900,2.25,0.980","2.650,3.230,2.400,1.030,0,0.770,0.870,2.25,0.830",,,"2.700,3.300,2.450,1.100,0,0.810,0.930,2.25,0.960","2.800,3.100,2.550,1.050,0,0.840,1.020,2.25,0.800",,"2.660,3.200,2.330,0.950,-0.25,0.930,0.900,2.25,0.980","2.750,3.020,2.430,1.060,0,0.820,0.930,2.25,0.930","2.710,3.300,2.450,1.060,0,0.850,0.970,2.25,0.920","2.850,2.950,2.500,0.810,-0.25,0.980,0.890,2.25,0.900",,"2.710,3.300,2.450,1.050,0,0.850,0.960,2.25,0.920","3.170,3.090,2.460,0.770,-0.25,1.060,0.920,2.25,0.900"
20200715,周三008,日职乙,枥木SC,大宫松鼠,1-0,"3.600,3.300,2.050,1.020,-0.25,0.820,1.100,2.25,0.780","3.400,3.250,2.080,1.060,-0.25,0.820,1.040,2.25,0.820","3.850,2.950,2.100,0.960,-0.25,0.940,1.080,2.25,0.800",,"3.200,3.200,2.030,0.950,-0.25,0.930,1.080,2.25,0.800","3.330,3.180,2.030,1.020,-0.25,0.780,0.740,2.0,0.960",,,"3.400,3.200,2.080,0.800,-0.5,1.120,0.820,2.0,1.080","3.750,3.100,2.100,1.090,-0.25,0.810,1.060,2.25,0.800",,"3.200,3.200,2.030,0.950,-0.25,0.930,1.080,2.25,0.800","3.210,3.060,2.140,1.000,-0.25,0.880,1.080,2.25,0.780","3.400,3.250,2.080,1.080,-0.25,0.830,1.060,2.25,0.830","3.800,2.950,2.050,0.900,-0.25,0.880,1.040,2.25,0.760",,"3.400,3.250,2.080,1.070,-0.25,0.830,1.050,2.25,0.830","3.960,3.050,2.150,1.040,-0.25,0.790,1.050,2.25,0.760"
20200715,周三009,日职乙,德岛漩涡,山口雷法,4-0,"1.650,3.500,6.000,0.880,0.75,0.980,0.720,2.5,1.150","1.720,3.700,4.400,0.930,0.75,0.950,0.840,2.5,1.020","1.680,3.600,4.850,1.170,1.0,0.760,0.880,2.5,0.990",,"1.650,3.750,4.050,1.140,1.0,0.750,0.890,2.5,0.990","1.630,3.850,4.300,0.830,0.75,0.970,0.740,2.75,0.960",,,"1.670,4.000,4.400,0.890,0.75,1.020,0.900,2.75,1.000","1.700,3.500,4.800,0.900,0.75,0.980,0.910,2.5,0.910",,"1.650,3.750,4.050,1.140,1.0,0.750,0.890,2.5,0.990","1.660,3.350,4.840,0.900,0.75,0.980,0.930,2.5,0.930","1.690,3.850,4.350,0.900,0.75,1.010,0.760,2.5,1.140","1.620,3.700,5.000,1.100,1.0,0.720,0.840,2.5,0.940",,"1.720,3.700,4.400,0.940,0.75,0.960,0.940,2.5,0.940","1.660,3.870,5.340,0.850,0.75,0.980,0.880,2.5,0.920"
20200715,周三007,日职乙,山形山神,群马草津温泉,2-3,"1.530,4.000,6.000,1.020,1.0,0.820,0.820,2.25,1.020","1.620,3.750,5.000,1.060,1.0,0.820,0.820,2.25,1.040","1.540,3.850,5.850,1.000,1.0,0.910,1.030,2.5,0.840",,"1.550,3.800,4.700,0.980,1.0,0.900,1.040,2.5,0.840","1.520,3.850,5.400,0.990,1.0,0.810,0.740,2.25,0.960",,,"1.550,4.000,5.500,1.050,1.0,0.850,1.050,2.5,0.850","1.500,4.000,6.500,1.060,1.0,0.830,0.800,2.25,1.020",,"1.550,3.800,4.700,0.980,1.0,0.900,1.040,2.5,0.840","1.550,3.690,5.420,1.050,1.0,0.830,1.060,2.5,0.800","1.620,3.750,5.000,1.080,1.0,0.830,0.830,2.25,1.060","1.510,3.800,6.250,0.930,1.0,0.850,0.880,2.5,0.900",,"1.620,3.750,5.000,1.070,1.0,0.830,0.830,2.25,1.050","1.560,3.960,6.440,0.950,1.0,0.880,1.030,2.5,0.830"
20200715,周三002,日职乙,爱嫒FC,冈山绿雉,0-1,"2.700,3.300,2.550,0.980,0,0.880,1.020,2.25,0.820","2.680,3.250,2.510,1.000,0,0.880,1.050,2.25,0.810","2.850,2.950,2.600,1.030,0,0.870,1.020,2.25,0.840",,"2.620,3.100,2.410,1.020,0,0.860,1.030,2.25,0.850","2.620,3.170,2.450,0.960,0,0.840,0.980,2.25,0.720",,,"2.700,3.200,2.500,1.020,0,0.880,1.050,2.25,0.850","2.880,2.880,2.600,1.020,0,0.860,1.060,2.25,0.800",,"2.620,3.100,2.410,1.020,0,0.860,1.030,2.25,0.850","2.680,3.020,2.480,1.020,0,0.860,1.060,2.25,0.800","2.680,3.250,2.510,1.020,0,0.890,1.130,2.25,0.770","2.800,2.900,2.600,0.970,0,0.820,0.980,2.25,0.810",,"2.680,3.250,2.510,1.010,0,0.890,1.060,2.25,0.820","2.910,3.030,2.680,0.990,0,0.830,1.020,2.25,0.790"
20200715,周三006,日职乙,水户蜀葵,松本山雅,2-2,"2.370,3.400,2.870,0.780,0,1.100,1.020,2.25,0.820","2.400,3.300,2.770,0.800,0,1.080,0.950,2.25,0.910","2.500,3.000,2.900,1.000,0,0.910,1.120,2.5,0.770",,"2.270,3.150,2.770,0.980,0,0.900,1.120,2.5,0.770","2.370,3.030,2.830,0.800,0,1.000,1.010,2.25,0.690",,,"2.420,3.100,2.900,0.860,0,1.050,1.090,2.25,0.820","2.500,2.900,2.900,0.810,0,1.090,0.950,2.25,0.880",,"2.270,3.150,2.770,0.980,0,0.900,1.120,2.5,0.770","2.410,3.020,2.790,0.800,0,1.080,0.980,2.25,0.880","2.400,3.300,2.770,0.820,0,1.090,0.970,2.25,0.920","2.450,3.000,2.850,0.930,0,0.850,1.080,2.5,0.730",,"2.400,3.300,2.770,0.810,0,1.090,0.960,2.25,0.920","2.570,3.120,2.980,0.770,0,1.060,0.920,2.25,0.890"
20200715,周三004,日职乙,FC琉球,长崎成功丸,1-1,"3.600,3.300,2.050,1.020,-0.25,0.820,0.820,2.5,1.020","2.940,3.500,2.210,0.910,-0.25,0.970,0.880,2.5,0.980","3.200,3.150,2.250,0.890,-0.5,1.010,1.140,2.75,0.750",,"2.960,3.200,2.130,0.880,-0.5,1.000,1.140,2.75,0.750","3.200,3.520,1.950,1.060,-0.25,0.740,0.750,2.5,0.950",,,"3.200,3.600,2.060,0.840,-0.5,1.070,1.030,2.75,0.870","3.130,3.130,2.200,1.000,-0.25,0.880,0.950,2.5,0.880",,"2.960,3.200,2.130,0.880,-0.5,1.000,1.140,2.75,0.750","3.210,3.110,2.100,1.000,-0.25,0.880,0.980,2.5,0.880","3.300,3.600,2.000,1.080,-0.25,0.830,0.800,2.5,1.090","3.400,3.150,2.100,0.830,-0.5,0.950,1.100,2.75,0.720",,"2.940,3.500,2.210,0.920,-0.25,0.980,0.890,2.5,0.990","3.550,3.280,2.180,0.980,-0.25,0.850,0.940,2.5,0.870"
20200715,周三010,日职乙,东京绿茵,甲府风林,4-2,"3.200,3.250,2.250,0.850,-0.25,1.000,1.020,2.5,0.820","2.800,3.450,2.310,0.830,-0.25,1.050,1.000,2.5,0.860","3.100,3.250,2.250,0.910,-0.25,1.000,1.080,2.5,0.800",,"2.860,3.400,2.100,0.900,-0.25,0.980,1.080,2.5,0.800","2.810,3.370,2.210,0.860,-0.25,0.940,0.740,2.25,0.960",,,"2.900,3.400,2.260,0.900,-0.25,1.010,1.070,2.5,0.840","3.200,3.250,2.200,0.880,-0.25,1.000,0.800,2.25,1.020",,"2.860,3.400,2.100,0.900,-0.25,0.980,1.080,2.5,0.800","2.860,3.110,2.280,0.880,-0.25,1.000,1.060,2.5,0.800","2.800,3.450,2.310,0.850,-0.25,1.060,1.020,2.5,0.870","3.050,3.200,2.250,0.850,-0.25,0.930,1.040,2.5,0.760",,"2.800,3.450,2.310,0.840,-0.25,1.060,1.010,2.5,0.870","3.360,3.190,2.300,0.880,-0.25,0.940,0.820,2.25,0.990"
20200715,,韩足总,蔚山现代,庆州水利,2-0,"1.180,6.500,9.000,0.950,1.75,0.850,0.950,3.0,0.850","1.240,5.600,8.800,0.950,1.75,0.870,0.800,3.0,1.000","1.230,5.750,11.000,0.880,1.75,0.980,0.980,3.0,0.850",,"1.220,5.500,8.400,0.880,1.75,0.960,0.750,3.0,1.070","1.200,5.200,6.600,0.890,1.75,0.810,0.700,3.0,0.900",,,"1.220,5.800,7.000,0.900,1.75,0.870,0.770,3.0,1.020","1.220,5.750,10.500,1.040,1.75,0.840,0.900,3.0,0.980",,"1.220,5.600,9.800,0.880,1.75,0.960,0.750,3.0,1.070","1.230,5.610,6.950,0.920,1.75,0.880,0.750,3.0,1.030","1.240,5.600,8.800,0.970,1.75,0.880,0.820,3.0,1.010","1.240,5.500,8.750,0.920,1.75,0.840,0.790,3.0,0.980",,"1.240,5.600,8.800,0.960,1.75,0.880,0.810,3.0,1.010","1.200,5.880,11.080,0.880,1.75,0.890,0.960,3.25,0.790"
20200715,周三015,韩足总,水原城,釜山偶像,0-1,"3.300,3.250,2.050,0.950,-0.25,0.850,1.000,2.5,0.800","3.050,3.350,2.110,0.950,-0.25,0.870,1.000,2.5,0.800","3.350,3.400,2.050,1.060,-0.25,0.810,0.940,2.5,0.880",,"3.200,3.350,2.050,1.000,-0.25,0.900,1.120,2.5,0.770","3.130,3.330,2.050,0.950,-0.25,0.750,0.900,2.5,0.700",,,"3.000,3.100,2.140,1.010,-0.25,0.780,1.060,2.5,0.740","3.200,3.300,2.100,0.990,-0.25,0.880,0.830,2.25,1.020",,"3.200,3.350,2.050,1.000,-0.25,0.900,1.120,2.5,0.770","2.910,3.060,2.170,0.970,-0.25,0.890,1.090,2.5,0.750","3.050,3.350,2.110,0.970,-0.25,0.880,1.020,2.5,0.810","3.050,3.350,2.100,0.920,-0.25,0.840,0.980,2.5,0.790",,"3.050,3.350,2.110,0.960,-0.25,0.880,1.010,2.5,0.810","3.130,3.280,2.180,0.880,-0.25,0.890,0.760,2.25,1.010"
20200715,,球会友谊,科布多,图瓦布加努,1-1,"1.900,4.200,2.800,0.950,0.5,0.850,0.950,3.5,0.850",,,,,,,,,,,,,,,,,
20200715,,球会友谊,拉明斯克土星队,FK雷阿萨,3-2,,,,,,,,,,,,,,,,,,
20200715,,球会友谊,拉明斯科土星,FK雷阿萨,3-2,,,,,,,,,,,,,,,,,,
20200715,,越女杯,河內B队女足,胡志明市女足,0-2,"11.000,7.500,1.120,0.900,-2.5,0.900,0.900,3.5,0.900",,,,,,,,,,,,,,,,,
20200715,,球会友谊,查邦历U19,弗里德克U19,0-1,,,,,,,,,,,,,,,,,,
20200715,,乌兹甲,费尔干纳,扎亚米尼,3-0,,,,,,,,,,,,,,,,,,
20200715,,坦桑超,坦尚尼亚,艾联泽,1-1,"1.900,3.000,3.800,1.000,0.5,0.800,0.800,2.0,1.000",,"1.900,3.000,3.850,0.910,0.5,0.830,0.780,2.0,0.970",,,,,,"1.910,3.000,3.500,1.020,0.5,0.770,0.770,2.0,1.020","1.930,3.000,3.700,0.990,0.5,0.790,0.750,2.0,0.950",,,,,"1.950,3.000,3.800,1.000,0.5,0.800,0.730,2.0,1.000",,,
20200715,,坦桑超,米巴瓦,阿赞,1-0,"4.500,3.000,1.800,0.920,-0.5,0.880,1.050,2.0,0.750",,"4.250,3.000,1.800,0.900,-0.5,0.840,0.750,1.75,1.000",,,,,,"4.500,3.000,1.710,0.950,-0.5,0.830,1.020,2.0,0.770","4.400,3.000,1.800,0.940,-0.5,0.840,0.910,2.0,0.780",,,,,"4.400,3.150,1.840,0.920,-0.5,0.870,1.550,2.5,0.450",,,
20200715,,坦桑超,纳姆古戈俱乐部,姆贝亚市,1-0,"1.950,3.200,3.500,0.950,0.25,0.850,0.800,2.0,1.000",,"2.050,3.150,3.100,0.920,0.25,0.820,0.800,2.0,0.950",,,,,,"2.150,3.200,2.800,0.980,0.25,0.800,0.770,2.0,1.020","2.100,2.900,3.400,0.830,0.25,0.950,0.800,2.0,0.900",,,,,"1.830,3.250,4.300,0.940,0.25,0.840,1.340,2.5,0.550",,,
20200715,,坦桑超,恩达FC,坦桑尼亚监狱,2-1,"1.900,2.750,4.500,0.800,0.25,1.000,1.050,2.0,0.750",,,,,,,,"2.000,2.600,3.900,0.830,0.25,0.940,1.020,2.0,0.770","1.800,3.000,4.330,0.840,0.5,0.940,0.870,2.0,0.830",,,,,"1.840,2.900,4.700,0.800,0.25,1.000,0.850,2.0,0.850",,,
20200715,,坦桑超,卡盖拉河,科斯塔尔,1-0,"2.300,2.800,3.100,1.020,0.25,0.780,1.050,2.0,0.750",,"2.250,2.800,3.150,1.000,0.25,0.750,0.750,1.75,1.000",,,,,,"2.300,2.800,2.900,1.050,0.25,0.750,1.020,2.0,0.770","2.300,2.800,3.000,0.940,0.25,0.840,0.880,2.0,0.800",,,,,"2.300,2.800,3.100,1.020,0.25,0.770,0.850,2.0,0.850",,,
20200715,,瑞典女超,皮特奥女足,宁高平女足,2-2,"2.100,3.600,2.800,1.100,0.25,0.700,0.950,2.25,0.850","2.340,3.150,2.650,0.960,0.25,0.800,0.910,2.25,0.850","2.200,3.350,2.750,1.090,0.25,0.750,0.920,2.25,0.860",,"2.320,3.050,2.770,1.090,0.25,0.750,0.940,2.25,0.880",,,,"2.410,3.000,2.490,1.100,0.25,0.710,0.960,2.25,0.820","2.150,3.600,2.880,1.010,0.25,0.810,0.980,2.25,0.830",,"2.320,3.050,2.770,1.090,0.25,0.750,0.940,2.25,0.880","2.410,3.020,2.490,1.080,0.25,0.720,0.980,2.25,0.800","2.340,3.150,2.650,1.080,0.25,0.710,0.930,2.25,0.860","2.250,3.800,2.600,1.070,0.25,0.710,1.250,2.5,0.570",,"2.340,3.150,2.650,0.960,0.25,0.800,0.910,2.25,0.850",
20200715,,乌兹甲,休尔坦古佐,图伦努库斯,3-2,,,,,,,,,,,,,,,,,,
20200715,,球会友谊,密库拉斯,TJ塔特拉奥拉,2-3,"1.160,6.500,10.000,0.800,2.0,1.000,0.900,4.25,0.900",,,,,,,,"1.130,8.000,11.000,0.920,2.25,0.790,0.810,4.0,0.900",,,,".000,.000,.000,0.850,2.25,0.870,0.900,4.0,0.820",,"1.280,6.000,7.500,0.940,2.25,0.740,0.990,3.5,0.730",,,"1.180,5.860,8.450,0.880,2.0,0.810,0.820,3.75,0.870"
20200715,周三019,俄超,乌拉尔,图拉兵工厂,1-3,"2.400,3.200,2.750,0.800,0,1.050,0.920,2.25,0.920","2.410,3.200,2.820,0.760,0,1.060,0.890,2.25,0.910","2.350,3.100,2.950,1.000,0.25,0.820,0.830,2.25,0.960",,"2.420,3.200,2.820,0.820,0,1.110,0.900,2.25,1.000","2.510,3.130,2.570,0.860,0,0.940,0.750,2.25,0.950",,,"2.470,3.200,2.800,0.850,0,1.080,0.930,2.25,0.990","2.450,3.200,2.800,0.800,0,1.090,0.910,2.25,0.930",,"2.420,3.200,2.820,0.820,0,1.110,0.900,2.25,1.000","2.480,2.970,2.710,0.850,0,1.030,0.890,2.25,0.970","2.470,3.200,2.750,0.830,0,1.020,0.910,2.25,0.920","2.400,3.200,2.950,0.770,0,1.070,1.150,2.5,0.700",,"2.410,3.200,2.820,0.770,0,1.070,0.900,2.25,0.920","2.470,3.260,2.880,0.760,0,1.060,0.890,2.25,0.910"
20200715,,球会友谊,塔古雷姆泊,塞罗拉尔,1-1,,,,,,,,,,,,,,,,,,
20200715,,乌兹甲,奥克特帕,费尔干纳夫兹,1-1,,"1.750,3.400,3.000,0.750,0.5,0.850,0.790,3.0,0.810","2.050,3.450,2.950,1.040,0.5,0.760,0.940,3.0,0.840",,"1.820,3.450,3.200,0.820,0.5,0.880,0.900,3.0,0.800",,,,,,,"1.990,3.350,2.860,0.820,0.5,0.880,0.900,3.0,0.800",,"1.750,3.400,3.000,0.770,0.5,0.860,0.810,3.0,0.820","1.750,3.400,3.000,0.760,0.5,0.860,0.800,3.0,0.820",,"1.700,3.850,3.300,0.710,0.5,0.990,0.810,3.25,0.890",
20200715,,爱沙丁,FC洛图斯B队,塔林军团B队,3-5,"13.000,8.000,1.100,0.900,-2.25,0.900,0.900,4.5,0.900",,,,,,,,,,,,,,"13.000,8.000,1.100,0.890,-2.25,0.890,0.890,4.5,0.890",,,
20200715,,格鲁乙,施安尼,萨古拉利,2-2,"1.300,4.750,8.000,1.000,1.5,0.800,0.900,3.0,0.900","1.220,5.200,7.200,0.880,1.75,0.820,0.780,3.25,0.920","1.250,5.350,7.250,0.920,1.5,0.860,0.780,2.75,1.010",,"1.230,5.200,8.700,0.920,1.75,0.840,0.810,3.25,0.950",,,,"1.220,5.200,7.800,0.810,1.75,0.900,0.830,3.5,0.870","1.220,5.750,9.500,0.920,1.75,0.850,0.800,3.25,0.950",,"1.230,5.200,8.700,0.920,1.75,0.840,0.810,3.25,0.950",,"1.220,5.200,7.200,0.900,1.75,0.830,0.800,3.25,0.930","1.170,5.750,12.000,0.870,1.75,0.850,0.930,3.0,0.790",,"1.220,5.200,7.200,0.880,1.75,0.820,0.780,3.25,0.920","1.170,5.660,11.890,0.870,1.75,0.850,0.920,3.0,0.790"
20200715,,乌克甲,巴尔坎柔亚,沃恩,1-4,,,"5.400,3.750,1.470,0.860,-1.0,0.920,0.840,2.5,0.940",,,,,,,,,,,,"6.000,3.800,1.520,0.850,-1.0,0.920,0.830,2.5,0.930",,,"5.880,3.790,1.520,0.850,-1.0,0.920,0.830,2.5,0.920"
20200715,,乌克甲,伊尼胡列斯,普里卡帕亚,1-0,"1.250,5.500,7.500,0.900,1.5,0.900,1.000,3.25,0.800","1.320,4.850,6.300,0.980,1.5,0.840,1.000,3.25,0.800","1.270,5.050,7.250,0.970,1.5,0.820,0.970,3.25,0.810",,"1.300,5.000,6.900,0.930,1.5,0.910,0.940,3.25,0.860",,,,"1.330,4.700,5.700,1.010,1.5,0.780,0.980,3.25,0.800","1.300,4.800,7.000,0.920,1.5,0.790,0.950,3.25,0.750",,"1.300,5.000,6.900,0.930,1.5,0.910,0.940,3.25,0.860","1.330,4.740,5.800,0.980,1.5,0.820,1.000,3.25,0.780","1.320,4.850,6.300,1.000,1.5,0.850,1.020,3.25,0.810","1.310,5.000,7.000,0.960,1.5,0.830,0.990,3.25,0.800",,"1.320,4.850,6.300,0.990,1.5,0.850,1.010,3.25,0.810","1.320,4.830,7.580,0.790,1.25,0.960,0.950,3.0,0.810"
20200715,,球会友谊,西奥福克,吉尔蒙特,0-5,"2.150,3.750,2.620,1.000,0.25,0.800,0.900,2.75,0.900",,"2.350,3.450,2.600,0.690,0,1.180,0.690,2.5,1.130",,"2.230,3.250,2.750,0.940,0.25,0.820,0.900,2.75,0.860",,,,"2.150,3.800,2.600,0.970,0.25,0.750,0.790,2.75,0.920","2.380,3.400,2.630,0.800,0,1.020,0.830,2.75,0.910",,"2.230,3.250,2.750,0.940,0.25,0.820,0.900,2.75,0.860",".000,.000,.000,0.940,0.25,0.780,0.890,2.75,0.830",,"2.250,3.800,2.500,0.920,0.25,0.770,0.700,2.5,1.100",,,"2.190,3.400,2.770,0.920,0.25,0.770,0.830,2.75,0.860"
20200715,,球会友谊,雷德,萨博迪卡,1-0,"3.600,3.600,1.800,0.920,-0.5,0.880,0.800,2.5,1.000",,"4.150,3.600,1.710,0.520,-1.0,1.570,0.780,2.5,1.000",,"3.700,3.450,1.700,0.830,-0.75,0.930,0.900,2.75,0.860",,,,"4.200,3.700,1.670,0.870,-0.75,0.830,0.700,2.5,1.020","3.750,3.500,1.830,0.940,-0.5,0.870,0.800,2.5,0.930",,"3.700,3.450,1.700,0.830,-0.75,0.930,0.900,2.75,0.860",".000,.000,.000,0.830,-0.75,0.890,0.890,2.75,0.830",,"4.600,4.000,1.620,0.830,-0.75,0.930,0.650,2.5,1.100",,,
20200715,,球会友谊,阿克伦托格里蒂,SKA罗斯杜夫,0-0,,,"1.950,3.300,3.500,0.760,0.5,1.070,0.720,3.0,1.090",,,,,,,"1.800,3.750,3.700,1.010,0.75,0.810,0.980,3.25,0.750",,,".000,.000,.000,0.940,0.75,0.780,0.840,3.0,0.880",,"1.880,3.600,3.700,0.930,0.75,0.810,0.750,3.0,0.950",,,"1.600,4.080,4.230,0.760,0.75,0.970,0.920,3.25,0.800"
20200715,,球会友谊,FK乌若扎,伊尔库茨克,2-0,,,,,,,,,,,,,,,,,,
20200715,,球会友谊,萨佐诺克,塞格德,1-3,"2.400,3.600,2.400,0.900,0,0.900,0.700,2.5,1.100",,"2.450,3.400,2.500,0.890,0,0.930,0.870,2.75,0.910",,,,,,,"2.450,3.400,2.500,0.900,0,0.910,0.830,2.75,0.900",,,,,"2.450,3.600,2.450,0.850,0,0.860,0.830,2.75,0.880",,,"2.440,3.360,2.470,0.850,0,0.860,0.830,2.75,0.880"
20200715,,冰岛U19,达尔维克雷尼尔马格力U19,费基亚伊利迪U19,4-0,"3.250,4.750,1.660,0.820,-0.75,0.980,0.900,4.0,0.900","2.450,3.800,1.900,0.700,-0.5,0.900,0.750,4.0,0.850","4.400,4.750,1.450,0.860,-0.25,0.910,0.980,4.0,0.810",,"2.560,3.650,2.060,0.640,-0.5,1.060,0.900,4.0,0.800",,,,"2.500,4.800,1.880,0.950,-0.25,0.820,0.870,4.0,0.900","3.400,4.200,1.750,0.980,-0.5,0.800,0.950,4.0,0.830",,"2.560,3.650,2.060,0.900,-0.25,0.800,0.920,4.0,0.780",,"2.450,3.800,1.900,0.720,-0.5,0.910,0.770,4.0,0.860",,,"2.810,3.800,1.720,0.880,-0.5,0.720,0.850,4.0,0.750","3.300,4.210,1.850,0.920,-0.5,0.840,0.940,4.0,0.820"
20200715,,波兰丙,加巴尼亚,比托维亚,1-2,"2.400,3.200,2.620,0.950,0,0.850,0.900,2.75,0.900","2.600,3.550,2.210,0.800,-0.25,1.020,0.880,2.75,0.920","3.250,3.450,2.000,0.990,-0.25,0.840,0.800,2.75,0.990",,"2.660,3.400,2.220,0.780,-0.25,1.060,0.870,2.75,0.950",,,,"2.500,3.400,2.330,0.730,-0.25,1.120,0.820,2.75,1.030","2.600,3.130,2.400,0.930,0,0.810,0.830,2.5,0.930",,"2.660,3.400,2.220,0.780,-0.25,1.060,0.870,2.75,0.950","2.390,3.210,2.380,0.730,-0.25,1.070,0.850,2.75,0.930","2.470,3.550,2.320,0.720,-0.25,1.140,0.900,2.75,0.930","2.400,3.200,2.650,0.940,0,0.840,0.830,2.5,0.930",,"2.600,3.550,2.210,0.810,-0.25,1.030,0.890,2.75,0.930","2.680,3.270,2.550,0.950,0,0.850,0.860,2.5,0.950"
20200715,,波兰丙,包尔科维切,萨尼克,1-2,"2.100,3.400,2.870,0.920,0.25,0.880,1.000,3.0,0.800","2.140,3.550,2.690,0.930,0.25,0.890,1.010,3.0,0.790","2.000,3.700,3.000,0.790,0.25,1.050,0.720,3.0,1.090",,"2.100,3.400,2.860,0.960,0.25,0.880,0.990,3.0,0.830",,,,"2.090,3.500,2.600,0.890,0.25,0.960,0.800,3.0,1.060","2.100,3.300,2.900,0.860,0.25,0.880,0.930,2.75,0.830",,"2.100,3.400,2.860,0.960,0.25,0.880,0.990,3.0,0.830","2.100,3.350,2.660,0.870,0.25,0.930,0.950,3.0,0.830","2.140,3.550,2.690,0.950,0.25,0.900,1.030,3.0,0.800","2.100,3.400,2.900,0.770,0,1.010,0.740,2.5,1.040",,"2.140,3.550,2.690,0.940,0.25,0.900,1.020,3.0,0.800","2.200,3.410,3.090,0.920,0.25,0.880,0.930,2.75,0.840"
20200715,,波兰丙,波兹南波兰II,格里夫,5-0,"1.080,9.000,15.000,0.920,2.5,0.880,0.980,3.75,0.820","1.140,6.600,10.500,0.800,2.0,1.020,0.920,3.5,0.880","1.130,7.250,13.250,0.780,2.0,1.050,0.920,3.5,0.860",,"1.160,6.600,9.400,0.800,2.0,1.040,0.950,3.5,0.870",,,,"1.170,6.400,8.000,1.070,2.25,0.800,0.900,3.5,0.950","1.060,8.500,17.000,0.800,2.5,0.940,0.800,3.75,0.950",,"1.160,6.600,9.400,0.820,2.0,1.020,0.950,3.5,0.870","1.160,6.380,8.200,1.050,2.25,0.750,0.900,3.5,0.880","1.140,6.600,10.500,0.820,2.0,1.030,0.940,3.5,0.890","1.080,9.000,15.000,0.940,2.5,0.850,0.800,3.5,0.910",,"1.140,6.600,10.500,0.810,2.0,1.030,0.930,3.5,0.890","1.100,8.700,20.100,0.940,2.5,0.850,0.830,3.5,0.950"
20200715,,波兰丙,西德尔策,GKS卡托威斯,0-2,"2.750,3.400,2.200,1.000,-0.25,0.800,0.880,2.75,0.920","2.890,3.500,2.050,1.000,-0.25,0.820,0.860,2.75,0.940","3.100,3.400,2.100,0.910,-0.25,0.900,0.830,2.75,0.950",,"3.200,3.400,1.950,1.020,-0.25,0.820,0.850,2.75,0.970",,,,"2.800,3.300,2.050,1.010,-0.25,0.840,0.890,2.75,0.950","2.750,3.400,2.150,0.800,-0.25,0.940,0.850,2.75,0.910",,"3.200,3.400,1.950,1.020,-0.25,0.820,0.850,2.75,0.970","2.860,3.300,2.020,1.020,-0.25,0.780,0.850,2.75,0.930","2.890,3.500,2.050,1.020,-0.25,0.830,0.880,2.75,0.950","2.750,3.400,2.200,1.010,-0.25,0.780,0.700,2.5,1.100",,"2.890,3.500,2.050,1.010,-0.25,0.830,0.870,2.75,0.950","3.370,3.480,2.060,1.010,-0.25,0.780,0.850,2.75,0.920"
20200715,,波兰丙,斯塔泽舒夫,埃尔布隆格,2-0,"1.500,4.500,4.500,0.880,1.0,0.920,0.950,3.0,0.850","1.310,4.850,6.600,0.970,1.5,0.850,0.860,3.0,0.940","1.270,5.500,7.750,0.780,1.5,1.050,0.830,3.25,0.960",,"1.310,4.900,6.600,0.920,1.5,0.920,1.010,3.25,0.810",,,,"1.280,5.000,6.200,0.890,1.5,0.960,1.010,3.25,0.840","1.530,3.900,4.800,0.920,1.0,0.820,0.950,3.0,0.800",,"1.310,4.900,6.600,0.920,1.5,0.920,1.010,3.25,0.810","1.280,5.030,6.380,0.870,1.5,0.930,1.000,3.25,0.780","1.310,4.850,6.600,0.990,1.5,0.860,0.880,3.0,0.950","1.500,4.500,4.500,0.830,1.0,0.950,0.620,2.5,1.240",,"1.310,4.850,6.600,0.980,1.5,0.860,0.870,3.0,0.950","1.520,4.160,5.620,0.900,1.0,0.900,0.770,2.75,1.010"
20200715,,立陶杯,维尔提斯,维尔纽斯维提斯,0-4,,,,,,,,,,,,,,,,,,
20200715,,乌克甲,罗姆内,米尼,0-2,"2.250,3.300,2.750,0.820,0,0.980,0.800,2.5,1.000",,"2.150,3.200,2.900,0.930,0.25,0.850,0.860,2.5,0.920",,"2.150,3.200,2.910,0.960,0.25,0.880,0.870,2.5,0.930",,,,,"2.300,3.300,2.600,0.780,0,0.930,0.750,2.5,0.950",,"2.150,3.200,2.910,0.960,0.25,0.880,0.870,2.5,0.930","2.150,3.020,2.810,0.980,0.25,0.820,0.900,2.5,0.880",,"2.200,3.350,3.000,0.930,0.25,0.840,0.850,2.5,0.920",,,"2.180,3.470,2.980,0.910,0.25,0.860,0.870,2.75,0.890"
20200715,,乌克甲,科里民,麦克莱,2-1,,,,,,,,,,,,,,,"2.200,3.800,2.750,0.950,0.25,0.810,0.990,3.25,0.780",,,"2.180,3.680,2.840,0.920,0.25,0.840,0.810,3.0,0.950"
20200715,,球会友谊,兰斯,鲁昂,3-0,,,,,,,,,,,,,,,,,,
20200715,,球会友谊,亨克,圣吉罗斯,3-1,"1.440,4.750,5.000,0.970,1.25,0.820,0.880,3.25,0.930","1.440,4.150,4.700,0.760,1.0,0.940,0.760,3.0,0.940","1.440,4.550,5.400,0.750,1.0,1.110,1.080,3.5,0.720",,"1.450,4.600,4.700,1.080,1.25,0.760,0.960,3.25,0.860",,,,"1.500,4.500,5.200,1.070,1.25,0.680,0.830,3.25,0.870","1.400,4.600,6.000,0.890,1.25,0.920,0.950,3.5,0.800",,"1.410,4.600,5.100,1.080,1.25,0.760,0.960,3.25,0.860","1.450,4.170,4.650,0.960,1.25,0.760,0.890,3.25,0.830","1.420,4.250,4.850,0.980,1.25,0.750,0.990,3.25,0.740","1.430,4.900,5.250,0.970,1.25,0.780,1.100,3.5,0.650",,"1.440,4.150,4.700,0.760,1.0,1.080,0.760,3.0,1.060","1.410,4.390,5.200,0.920,1.25,0.760,0.820,3.25,0.880"
20200715,,球会友谊,达巴斯,科马罗姆VSE,0-0,"2.400,3.600,2.400,0.900,0.0,0.900,0.900,2.75,0.900",,"2.450,3.400,2.500,0.900,0,0.910,0.880,2.75,0.900",,,,,,,"2.450,3.500,2.450,0.890,0,0.920,0.980,3.0,0.750",,,,,"2.400,3.500,2.450,0.840,0,0.850,0.650,2.5,1.200",,,"2.450,3.370,2.460,0.850,0,0.850,0.840,2.75,0.870"
20200715,,球会友谊,利夫斯基卡尔洛沃,恩特波尔,2-1,,,,,,,,,,,,,,,,,,
20200715,,球会友谊,多布鲁察,內夫托西米克,3-3,,,,,,,,,,,,,,,,,,
20200715,,球会友谊,TJ索科尔兰,斯洛瓦科B队,1-1,"2.200,3.750,2.550,0.800,0.0,1.000,0.900,3.75,0.900",,"2.250,3.950,2.500,0.810,0,1.020,0.740,3.5,1.060",,,,,,,"2.250,3.800,2.550,0.810,0,1.010,0.870,3.75,0.870",,,,,"2.250,3.900,2.650,0.800,0,1.000,0.650,3.5,1.100",,,
20200715,周三018,俄超,苏维埃之翼,克拉斯诺达尔,0-0,"4.000,3.500,1.800,1.050,-0.5,0.800,0.780,2.25,1.100","4.000,3.550,1.830,0.990,-0.5,0.830,0.820,2.25,0.980","4.100,3.350,1.830,0.720,-0.75,1.130,0.940,2.5,0.840",,"4.000,3.550,1.820,1.110,-0.5,0.820,0.800,2.25,1.110","4.550,3.820,1.600,0.990,-0.75,0.810,0.810,2.5,0.890",,,"5.000,3.900,1.610,1.060,-0.75,0.870,1.000,2.5,0.920","4.200,3.400,1.830,0.990,-0.5,0.890,0.910,2.25,0.930",,"4.000,3.550,1.820,1.110,-0.5,0.820,0.800,2.25,1.110","4.840,3.690,1.600,0.780,-1.0,1.110,0.950,2.5,0.910","4.150,3.550,1.780,1.060,-0.5,0.790,0.750,2.25,1.080","4.300,3.450,1.840,1.000,-0.5,0.840,1.120,2.5,0.720",,"3.950,3.500,1.840,1.000,-0.5,0.840,0.820,2.25,1.000","4.480,3.590,1.790,0.790,-0.75,1.020,0.920,2.5,0.880"
20200715,,芬丙,BK46,HPS赫尔辛基,2-2,"3.750,4.750,1.570,1.000,-0.75,0.800,0.900,3.5,0.900",,"3.700,4.050,1.640,0.910,-0.75,0.860,0.890,3.5,0.900",,".000,.000,.000,0.980,-0.75,0.820,0.880,3.5,0.920",,,,"3.800,4.800,1.500,1.020,-0.75,0.770,0.850,3.5,0.920","4.000,4.100,1.600,0.990,-0.75,0.790,0.890,3.5,0.890",,".000,.000,.000,0.980,-0.75,0.820,0.880,3.5,0.920",".000,.000,.000,0.930,-0.75,0.790,0.860,3.5,0.860",,"3.800,4.800,1.570,0.980,-0.75,0.800,0.860,3.5,0.900",,,"4.090,4.220,1.690,0.940,-0.75,0.860,0.880,3.5,0.920"
